"Rnk.","Bike brand","Wins","Teams"
1,"Pinarello",93,"Banesto ,  Fassa Bortolo ,  Team Telekom"
2,"Colnago",92,"Mapei - Quickstep ,  Rabobank ProTeam ,  Tönissteiner - Colnago"
3,"Look",45,"BigMat - Auber 93 ,  Crédit Agricole ,  Kelme - Costa Blanca"
4,"Fondriest",36,"Lampre - Daikin ,  Palmans - Ideal"
5,"Giant",31,"O.N.C.E. - Deutsche Bank ,  Sport Lisboa e Benfica"
6,"De Rosa",24,"Alessio ,  Vini Caldirola - Sidermec"
7,"Gios",23,"Alexia Allumino ,  Maia - MSS"
8,"Merida",21,"Mróz - Supradyn Witaminy"
9,"Decathlon",20,"AG2R Prevoyance"
10,"Cannondale",18,"Saeco"
11,"Orbea",18,"Euskaltel - Euskadi ,  Ville de Charleroi - New Systems"
12,"Fuji",18,"Manheim-Mercury"
13,"Specialized",17,"Festina - Lotus"
14,"Koga",17,"Farm Frites"
15,"MBK",16,"Cofidis ,  Saint-Quentin - Oktos"
16,"Gitane",16,"La Française des Jeux"
17,"Jad",14,"KRKA - Telekom Slovenije"
18,"Trek",13,"US Postal Service"
19,"Olmo",13,"Vitalicio Seguros - Grupo Generali"
20,"Vitus",13,"MemoryCard - Jack & Jones"
21,"Time",12,"Bonjour - Toupargel"
22,"Masil",12,"Boavista ,  LA - Pecol"
23,"Klein - Quantum",12,"Gerolsteiner"
24,"Moser",12,"Cantina Tollo - Regain"
25,"Cyfac",12,"Jean Delatour"
26,"Principia",11,"LindaMcCartney ,  Team Fakta"
27,"Bianchi",10,"Mercatone Uno - Albacom"
28,"Battaglin",8,"Panaria - Fiordo"
29,"Hercules",6,"Nurnberger"
30,"Rossin",6,"Mobilvetta Design - Rossin"
31,"Fort",6,"Wüstenrot - ZVVZ"
32,"Ridley",5,"Spar - OKI - Daewoo"
33,"Coppi",5,"Polti"
34,"Bicigal",4,"Porta da Ravessa"
35,"Cilo",4,"Post Swiss Team"
36,"SCOTT",3,"Phonak Hearing Systems"
37,"Litespeed",3,"Navigators Cycling Team"
38,"Scapin",3,"MAT - Ceresit - CCC"
39,"Batavus",3,"Bankgiroloterij - Batavus"
40,"Red Bull",3,"Cologne"
41,"LeMond",3,"Saturn"
42,"Sunn",3,"Besson Chaussures"
43,"Wilier",2,"Stabil - Steiermark"
44,"Merckx",2,"Collstrop - De Federale Verzekeringen"
45,"Macario",2,"Colchon Relax - Fuenlabrada"
46,"Flanders",2,"Flanders - Prefetex"
47,"Carrera",1,"Atlas - Lukullus - Ambra"
48,"Musing",1,"Agro - Adler - Brandenburg"
49,"Gion",1,"Team Colpack"
1,"Pinarello",99,"De Nardi - Pasta Montegrappa ,  Fassa Bortolo ,  iBanesto.com ,  Team Telekom"
2,"Colnago",72,"Landbouwkrediet - Colnago ,  Mapei - Quickstep ,  Rabobank ProTeam ,  Team Coast"
3,"Look",50,"BigMat - Auber 93 ,  CSC ProTeam - Tiscali ,  Kelme - Costa Blanca"
4,"De Rosa",46,"Alessio ,  Tacconi Sport - Vini Caldirola"
5,"GT",31,"Lotto - Adecco"
6,"Cannondale",30,"Saeco"
7,"LeMond",29,"Mercury - Viatel ,  Saturn Cycling Team"
8,"Merckx",26,"Domo - Farm Frites ,  Palmans - Collstrop ,  Vlaanderen - T-Interim"
9,"MBK",25,"Cofidis"
10,"Decathlon",25,"AG2R Prévoyance"
11,"Gios",23,"Alexia Alluminio ,  Milaneza - MSS"
12,"Merida",18,"Mróz - Supradyn Witaminy"
13,"Cyfac",18,"Jean Delatour"
14,"Specialized",16,"Festina ,  Jelly Belly Cycling Team"
15,"Fondriest",16,"KIA Suisse ,  Lampre - Daikin"
16,"Principia",16,"Linda McCartney - Jacob's Creek - Jaguar"
17,"Batavus",15,"Bankgiroloterij"
18,"SAB",15,"Amore & Vita - Beretta"
19,"Orbea",14,"Euskaltel - Euskadi ,  Ville de Charleroi - New Systems"
20,"Scapin",14,"CCC - Mat"
21,"Time",13,"Bonjour"
22,"Giant",11,"O.N.C.E. - Eroski"
23,"Hercules",11,"Nurnberger"
24,"Gitane",11,"La Française des Jeux"
25,"SCOTT",10,"Phonak Hearing Systems"
26,"Olmo",9,"Cantina Tollo - Acqua e Sapone"
27,"Klein - Quantum",9,"Gerolsteiner"
28,"Moser",9,"Cantina Tollo - Acqua e Sapone"
29,"Trek",8,"US Postal Service"
30,"Carrera",8,"Atlas - Ambra - Lukullus"
31,"Wheeler",8,"PSK - Remerx ,  Team Wiesenhof - Leipzig"
32,"Battaglin",7,"Panaria - Fiordo"
33,"Masil",6,"Carvalhelhos - Boavista ,  LA - Pecol"
34,"Cilo",5,"Post Swiss Team"
35,"Hinault",4,"Saint-Quentin - Oktos"
36,"Fort",4,"Wüstenrot - ZVVZ"
37,"Macario",4,"Colchon Relax - Fuenlabrada"
38,"Jad",4,"KRKA - Telekom Slovenije"
39,"Bianchi",3,"Mercatone Uno - Stream TV"
40,"Wilier",2,"Stabil - Steiermark"
41,"Fuji",2,"7Up - Colorado Cyclist"
42,"Bicigal",2,"Porta da Ravessa"
43,"Kuips",2,"Jazztel - Costa de Almeria"
44,"Litespeed",1,"Navigators Insurance Cycling Team"
45,"Rossin",1,"Mobilvetta Design - Formaggi Trentini"
46,"Flanders",1,"Flanders - Prefetex"
47,"Storck",1,"Agro Adler Brandenburg"
1,"Colnago",103,"Landbouwkrediet - Colnago ,  Mapei - Quick Step - Latexco ,  Mapei - Quickstep ,  Navigators Insurance Cycling Team ,  Rabobank ProTeam"
2,"Pinarello",87,"Fassa Bortolo ,  iBanesto.com ,  Itera ,  Team Telekom"
3,"Look",46,"Crédit Agricole ,  Crédit Agricole Espoirs ,  CSC ProTeam - Tiscali ,  Kelme - Costa Blanca"
4,"Litespeed",38,"Lotto - Adecco"
5,"Giant",30,"CCC - Polsat  ,  Giant Asia Racing Team ,  Legia - Bazyliszek ,  O.N.C.E. - Eroski"
6,"Klein - Quantum",30,"Gerolsteiner"
7,"Lapierre",25,"La Française des Jeux"
8,"Specialized",24,"Acqua & Sapone"
9,"De Rosa",23,"Alessio ,  iTeamNova.com"
10,"Cannondale",22,"7Up - Nutra Fig ,  Saeco - Longoni Sport ,  Schroeder Iron Pro Cycling"
11,"Bianchi",18,"Team Coast ,  Team HSBC"
12,"BMC",18,"Phonak Hearing Systems"
13,"Trek",17,"Team Krone ,  US Postal Service"
14,"Scott",17,"Jean Delatour"
15,"Gios",15,"Milaneza - Mss ,  Porta da Ravessa - Zurich"
16,"Wilier",14,"Mercatone Uno ,  Perutnina Ptuj - KRKA - Telekom Slovenije ,  Team Gericom - BikeDrive"
17,"Fondriest",14,"Lampre - Daikin ,  Team Mälarenergi - Sime"
18,"Masil",14,"Cantanhede - Marques de Marialva ,  Carvalhelhos - Boavista  ,  LA Alumí­nios - Pecol"
19,"Principia",14,"EDS - Fakta  ,  Team Comnet - Senges"
20,"Batavus",13,"Bankgiroloterij"
21,"Time",12,"Bonjour"
22,"Carrera",12,"Tacconi Sport"
23,"Decathlon",12,"AG2R Prévoyance"
24,"Ridley",11,"Palmans - Collstrop"
25,"Hercules",11,"Team Nurnberger Versicherung"
26,"MBK",11,"Cofidis"
27,"Merckx",10,"Domo - Farm Frites ,  Vlaanderen - T-Interim"
28,"Ideal",10,"Volksbank - Ideal"
29,"Merida",9,"Mróz - Supradyn Witaminy"
30,"Battaglin",9,"Panaria - Fiordo"
31,"Orbea",7,"Euskaltel - Euskadi"
32,"Fuji",7,"Mercury Cycling Team"
33,"Hinault",7,"Saint-Quentin - Oktos"
34,"Girs",6,"Marlux - Ville de Charleroi"
35,"Kuips",6,"Jazztel - Costa de Almeria"
36,"BH",5,"Colchon Relax - Fuenlabrada"
37,"Flanders",5,"RDM - Flanders"
38,"Coppi",4,"Index - Alexia Alluminio"
39,"Argon 18",3,"Sympatico - Jet Fuel Coffee"
40,"Simplon",2,"Elk Haus Radteam - Sportunion Schrems"
41,"Stevens",2,"Team Jura Suisse"
42,"Gitane",2,"BigMat - Auber 93"
43,"SAB",2,"Amore & Vita - Beretta"
44,"LeMond",1,"Saturn Cycling Team"
45,"Fort",1,"Wüstenrot - ZVVZ"
1,"Pinarello",100,"Fassa Bortolo ,  iBanesto.com ,  Prime Alliance Cycling Team ,  Team Telekom"
2,"Time",56,"Brioches La Boulangère ,  Quick Step - Davitamon - Latexco ,  Quickstep - Davitamon"
3,"Decathlon",51,"AG2R Prévoyance ,  Cofidis"
4,"Colnago",44,"Landbouwkrediet - Colnago ,  Navigators Insurance Cycling Team ,  Rabobank ProTeam ,  Team Nippon Hodo"
5,"Wilier",43,"Gerolsteiner ,  Lampre"
6,"Orbea",39,"CCC - Polsat  ,  Euskaltel - Euskadi ,  Jelly Belly - Carlsbad Clothing Company Cycling Te ,  Milaneza - Mss"
7,"Look",39,"Crédit Agricole ,  Crédit Agricole Espoirs ,  Health Net Cycling Team ,  Kelme - Costa Blanca ,  Team Barloworld"
8,"Cannondale",35,"7Up - Maxxis ,  Saeco"
9,"Merckx",28,"Lotto - Domo ,  Vlaanderen - T-Interim"
10,"Lapierre",25,"Fdjeux.com"
11,"Cervélo",21,"Team CSC"
12,"Batavus",20,"Bankgiroloterij"
13,"Scott",18,"Jean Delatour"
14,"De Rosa",18,"Alessio"
15,"Battaglin",18,"05 Orbitel ,  Panaria - Fiordo"
16,"Carrera",16,"Mercatone Uno - Scanavino ,  Vini Calderola - So.di"
17,"Specialized",15,"Domina Vacanze - Elitron"
18,"Giant",13,"O.N.C.E. - Eroski"
19,"Bianchi",12,"Team Bianchi ,  Team Bianchi Scandinavia ,  Team Coast"
20,"Masil",12,"Carvalhelhos - Boavista  ,  L.A. Aluminios - Pecol"
21,"Ridley",11,"Palmans - Collstrop"
22,"Girs",11,"Marlux-Wincor Nixdorf"
23,"Coppi",11,"De Nardi - Colpack"
24,"LeMond",11,"Saturn"
25,"Trek",10,"US Postal Service"
26,"Kuips",10,"Paternina - Costa de Almería"
27,"BMC",7,"Phonak Hearing Systems"
28,"Fort",7,"eD'system - ZVVZ"
29,"Gios",6,"Formaggi Pinzolo Fiavè ,  Porta da Ravessa - Tavira"
30,"Flanders",6,"Flanders - iTeamNova"
31,"Wheeler",6,"Team Wiesenhof - Leipzig"
32,"MBK",5,"MBK - Oktos"
33,"Olmo",4,"Labarca-2-Café Baqué ,  Sportsbook.com Cycling Team - Acrow Bridges"
34,"Dynatek",4,"Antarte - Rota dos Móveis ,  ASC - Vila do Conde"
35,"Ideal",4,"Volksbank - Ideal"
36,"Litespeed",3,"Ofoto - Lombardi Sports ,  Schroeder Iron Pro Cycling"
37,"Gitane",3,"BigMat - Auber 93"
38,"BH",1,"Relax - Fuenlabrada"
39,"Simplon",1,"Elk Haus Radteam - Sportunion Schrems"
40,"Gazelle",1,"Van Vliet - EBH - Gazelle"
1,"Time",73,"Brioches La Boulangère ,  Quickstep - Davitamon"
2,"Colnago",62,"Landbouwkrediet - Colnago ,  Navigators Insurance Cycling Team ,  Rabobank ProTeam ,  Team Nippo"
3,"Pinarello",46,"Fassa Bortolo ,  Team PH"
4,"Look",46,"Comunidad Valenciana - Kelme ,  Crédit Agricole ,  Crédit Agricole Espoirs ,  Kelme - Costa Blanca ,  RAGT Semence - Mg Rover"
5,"Giant",39,"Giant Asia Racing Team ,  Health Net Pro Cycling Team presented by Maxxis ,  Legia - Bazyliszek - Sopro ,  RSH ,  T-Mobile Team"
6,"Decathlon",39,"AG2R Prévoyance ,  Cofidis, le Crédit par Téléphone"
7,"Wilier",38,"Gerolsteiner ,  Lampre"
8,"Trek",26,"Glud & Marstrand - Horsens ,  US Postal Service"
9,"Merckx",26,"Lotto - Domo ,  Vlaanderen - T-Interim Univega"
10,"Orbea",25,"Euskaltel - Euskadi ,  Hoop - CCC - Polsat  ,  Milaneza Maia"
11,"Cannondale",23,"Saeco"
12,"Lapierre",23,"Fdjeux.com"
13,"Cervélo",21,"Team CSC"
14,"Bianchi",19,"Alessio - Bianchi ,  Team Bianchi Nordic ,  Team HSBC ,  Webcor Cycling Team"
15,"BMC",18,"Phonak Hearing Systems"
16,"Scott",18,"Saunier Duval - Prodir"
17,"MBK",18,"Chocolade Jacques - Wincor Nixdorf ,  Oktos - Saint-Quentin"
18,"Ridley",17,"Mrbookmaker.com - Palmans ,  Relax - Bodysol ,  Team Cyclingnews.com - Down Under"
19,"Opera",14,"Illes Balears - Banesto"
20,"BH",13,"Liberty Seguros ,  Team BH"
21,"Moser",13,"Acqua & Sapone - Caffe Mokambo"
22,"Wheeler",13,"PSK Whirlpool ,  Team Wiesenhof"
23,"Specialized",10,"Domina Vacanze"
24,"Stevens",8,"Team Lamonta"
25,"Battaglin",8,"Ceramica Panaria - Margres"
26,"Masil",7,"L.A. - Pecol"
27,"Coppi",7,"De Nardi"
28,"Kuips",6,"Costa de Almería - Paternina"
29,"De Rosa",5,"Vini Caldirola - Nobili Rubinetterie"
30,"Carrera",5,"Team Barloworld - Androni Giocattoli"
31,"Felt",4,"Colavita Olive Oil Pro Team presented by Bolla"
32,"Batavus",4,"Bankgiroloterij"
33,"Olmo",3,"Cafés Baqué"
34,"Dynatek",3,"Axa Cycling Team ,  Dominscout - Sniezka - Lody"
35,"FRW",3,"Miche"
36,"Gios",2,"Wurth - Bom Petisco"
37,"Author",2,"DHL - Author"
38,"Corratec",2,"Corratec Austria - Arbö"
39,"Ideal",2,"Volksbank - Ideal - Leingrüber"
40,"Klein",1,"Ofoto Cycling Team"
1,"Colnago",69,"Ceramica Panaria - Navigare ,  Domina Vacanze ,  Navigators Insurance Cycling Team ,  Rabobank ProTeam"
2,"Pinarello",56,"Fassa Bortolo ,  Kaiku ,  Team GLS"
3,"Giant",46,"Axa Pro Cycling Team ,  Giant Asia Racing Team ,  Health Net presented by Maxxis ,  RSH ,  T-Mobile Team"
4,"Time",46,"Bouygues Telecom ,  Quickstep - Innergetic ,  Sumita Ravanello Pearl Izumi"
5,"Look",43,"Barbot - Pascoal ,  Crédit Agricole ,  Omnibike Dynamo Moscow"
6,"Cervélo",39,"CSC ProTeam"
7,"Orbea",37,"Comunidad Valenciana ,  Euskaltel - Euskadi ,  Grupa PSB - Atlas - Orbea ,  Orbea"
8,"Ridley",32,"Davitamon - Lotto"
9,"BH",27,"Auber 93 ,  Liberty Seguros - Würth Team"
10,"Specialized",23,"Gerolsteiner ,  Milaneza - Maia"
11,"De Rosa",22,"Team Barloworld - Valsir"
12,"Trek",21,"Discovery Channel  ,  Marco Polo Cycling Team"
13,"Lapierre",20,"Française des Jeux"
14,"Decathlon",20,"AG2R Prévoyance"
15,"Cannondale",17,"Lampre-Caffita"
16,"BMC",16,"Phonak Hearing Systems"
17,"SAB",16,"Naturino - Sapore Di Mare"
18,"Scott",14,"Radenska Rog ,  Saunier Duval - Prodir ,  Team Sparebanken Vest"
19,"Wilier",14,"Cofidis, le Crédit par Téléphone"
20,"Opera",14,"Illes Balears - Caisse d'Epargne"
21,"Merckx",10,"Chocolade Jacques - T Interim"
22,"Kuips",10,"Andalucia - Paul Versan ,  Spiuk"
23,"Merida",9,"Dukla Trencin ,  Paredes Rota dos Moveis - Beira Tamega"
24,"Author",9,"DHL - Author"
25,"Litespeed",9,"Recycling.co.uk - MG-XPower - Litespeed"
26,"Bianchi",8,"Duja - Tavira ,  Hemus 1896 - Aurora 2000 Berchi ,  MG Xpower presented by BigPond"
27,"Moser",8,"Acqua & Sapone - Adria Mobil ,  KRKA - Adria Mobil"
28,"Ideal",8,"Rietumu Bank ,  Volksbank - Leingruber - Ideal"
29,"Dynatek",4,"ASC - Chenco Jeans ,  Knauf Team"
30,"Red Bull",3,"AKUD Arnolds Sicherheit"
31,"Felt",2,"Colavita Olive Oil - Sutter Pro Cycling Team"
32,"Fondriest",2,"Team Cyclingnews.com"
33,"Masil",2,"Carvalhelhos - Boavista"
34,"Jovelin",1,"Team TIAA - CREF"
35,"Garneau",1,"The Jittery Joe's - Kalahari Pro Cycling Team"
36,"Daccordi",1,"Ceramica Flaminia"
37,"MBK",1,"RAGT Semence - Mg Rover"
38,"Kuota",1,"Sava"
1,"Colnago",59,"Ceramica Panaria - Navigare ,  FRF Couriers - Caravello ,  Rabobank ProTeam ,  Team Milram"
2,"Look",53,"Barbot - Halcon ,  Crédit Agricole ,  Omnibike Dynamo Moscow"
3,"Specialized",49,"Gerolsteiner ,  Imoholding - Loulé Jardin Hotel ,  Maia Milaneza"
4,"Cervélo",47,"CSC ProTeam"
5,"Trek",45,"Discovery Channel  ,  Marco Polo Cycling Team ,  Riberalves - Alcobaca ,  Tecos de la Universidad Autonoma de Guadalajara"
6,"Time",44,"Quickstep - Innergetic"
7,"Ridley",43,"Davitamon - Lotto ,  Fidea Cycling Team ,  Pôle Continental Wallon - Davitamon - Euro Million ,  Unibet - Davo ,  Unibet.com"
8,"Pinarello",40,"Aisan Racing Team ,  Caisse d'Epargne - Illes Balears ,  Kaiku ,  Recycling.co.uk"
9,"BH",34,"Astana ,  Atom ,  Grupo Nicolás Mateos ,  Liberty Seguros - Würth ,  Viña Magna - Cropu ,  Würth Team"
10,"Bianchi",30,"Duja - Tavira ,  Hemus 1896 - Berneschi ,  Premier ,  SouthAustralia.com-AIS ,  Team Maxbo - Bianchi"
11,"Fondriest",29,"Lampre-Fondital"
12,"Cannondale",26,"Barloworld ,  Health Net Presented By Maxxis"
13,"Merckx",26,"Chocolade Jacques / Topsport Vlaanderen ,  Cycling Team Capec ,  Kodakgallery.com - Sierra Nevada Pro Cycling"
14,"SCOTT",25,"Radenska Powerbar ,  Saunier Duval - Prodir ,  Team Sparebanken Vest"
15,"Orbea",25,"Bretagne - Jean Floc'h ,  Comunidad Valenciana ,  Orbea"
16,"BTwin",22,"AG2R Prévoyance ,  Team TIAA - CREF"
17,"Giant",22,"T-Mobile Team ,  Thüringer Energie Team"
18,"Lapierre",21,"Française des Jeux"
19,"Decathlon",18,"AG2R Prévoyance"
20,"Denti",18,"Tinkoff Restaurants"
21,"Author",17,"DHL - Author ,  PSK Whirlpool - Hradec Kralove"
22,"Dynatek",17,"Knauf Team"
23,"BMC",14,"Phonak Hearing Systems"
24,"Wilier",14,"Cofidis, le Crédit par Téléphone"
25,"Kuips",12,"Andalucía - Paul Versán ,  Spiuk-Extremadura"
26,"De Rosa",11,"Acqua & Sapone - Caffè Mokambo"
27,"Felt",11,"3 Molinos Resort ,  Team Konica Minolta"
28,"Flanders",8,"Flanders"
29,"Opera",7,"Tenax - Salmilano"
30,"Gios",5,"Relax - Gam"
31,"Guerciotti",4,"LPR - Nava"
32,"Moser",4,"Adria Mobil"
33,"Massi",4,"Massi"
34,"Masil",3,"Carvalhelhos - Boavista"
35,"Gazelle",3,"Fondas P3 Transfer Team"
36,"Litespeed",2,"DFL-Cyclingnews-Litespeed"
37,"GT",2,"Targetraining Cycling Team"
38,"MBK",2,"MBK - Cycles - Scout"
39,"Kuota",2,"Sava"
40,"Thompson",2,"Pictoflex - Bikeland - Hyundai"
41,"Garneau",1,"The Jittery Joe's - Zero Gravity Pro Cycling Team"
42,"Simplon",1,"ELK Haus-Simplon"
43,"Parkpre",1,"Successfulliving.com presented by Parkpre"
1,"Colnago",91,"Ceramica Panaria - Navigare ,  Navigators Insurance Cycling Team ,  Rabobank ProTeam ,  Team Milram ,  Tinkoff Credit Systems"
2,"Trek",51,"Discovery Channel  ,  Discovery Channel - Marco Polo Team ,  Tecos de la Universidad Autonoma de Guadalajara"
3,"Specialized",46,"Colombia es Pasion Team ,  Quickstep - Innergetic"
4,"SCOTT",43,"RC Arbö Resch & Frisch - Gourmetfein - Wels ,  Saunier Duval ,  Scott - Marcondes Cesar - Fadenp São José dos Camp"
5,"Giant",39,"T-Mobile Team ,  Thüringer Energie Team"
6,"Pinarello",35,"Aisan Racing Team ,  Caisse d'Epargne ,  Team Odense Energi"
7,"Cervélo",34,"CSC ProTeam"
8,"De Rosa",32,"Acqua & Sapone - Caffè Mokambo ,  Kio Ene - Tonazzi - DMT"
9,"Felt",32,"CCC - Polsat - Polkowice ,  Team Konica Minolta ,  Team Slipstream ,  Team Wiesenhof - Felt"
10,"Wilier",31,"Lampre-Fondital"
11,"Ridley",28,"DAVO ,  Palmans Collstrop ,  Predictor - Lotto ,  Priority Health Cycling Team presented by Bissell"
12,"Time",28,"Bouygues Telecom ,  Cofidis, le Crédit par Téléphone"
13,"Author",24,"DHL - Author"
14,"Cannondale",23,"Barloworld ,  Health Net Presented By Maxxis"
15,"Bianchi",22,"Duja - Tavira ,  Maxbo - Bianchi"
16,"Decathlon",20,"AG2R Prévoyance"
17,"BMC",19,"Astana ,  BMC Racing Team"
18,"Lapierre",17,"Française des Jeux"
19,"Canyon",17,"Unibet.com ,  Unibet.com CT"
20,"Orbea",17,"Andalucia-Caja Sur ,  Jelly Belly Cycling Team ,  Karpin - Galicia ,  Madeinox - BRIC - Loulé ,  Orbea - Oreka"
21,"MBK",15,"Agritubel"
22,"Gios",13,"Relax - Gam"
23,"Olmo",10,"P-Nivo - Betonexpressz 2000 - KFT.se"
24,"BH",8,"Viña Magna - Cropu"
25,"Carrera",7,"LPR - Nava - Androni"
26,"Merckx",6,"Chocolade Jacques / Topsport Vlaanderen"
27,"Gazelle",6,"P3Transfer - Fondas Team"
28,"Felino",5,"Bretagne Armor Lux ,  Colavita / Sutter Home presented by Cooking Light"
29,"Kuota",5,"Cycling Club Bourgas ,  Kodakgallery.com - Sierra Nevada Brewing co."
30,"Fuji",4,"Toyota - United Pro Cycling Team"
31,"Python",4,"Glud & Marstrand - Horsens"
32,"Litespeed",4,"DFL-Cyclingnews-Litespeed"
33,"Red Bull",4,"AKUD - Rose"
34,"Merida",3,"Kalev Chocolate Team"
35,"Focus",3,"Team Notebooksbilliger.de"
36,"Viner",3,"Miche"
37,"Moser",3,"Adria Mobil"
38,"Pinnacle",3,"Plowman Craven - Evans Cycles Racing Team"
39,"Bottecchia",2,"Hadimec"
40,"Isaac",2,"Isaac"
41,"LeMond",2,"Kelly Benefit Strategies / Medifast"
42,"Flanders",2,"Babes Only - Villapark Langemeer - Flanders"
43,"Tommasini",2,"OTC Doors - Lauretana"
44,"Look",1,"Barbot - Halcon"
45,"Dynatek",1,"Dynatek"
1,"Giant",76,"Team Columbia ,  Team High Road"
2,"Specialized",60,"Gerolsteiner ,  Quickstep - Innergetic ,  Team Neotel"
3,"Colnago",50,"CSF Group - Navigare ,  ISD Sport Donetsk ,  Milram ,  Rabobank ProTeam ,  Tinkoff Credit Systems"
4,"Trek",48,"Astana ,  Tecos de la Universidad Autonoma de Guadalajara"
5,"Cervélo",46,"CSC ProTeam"
6,"De Rosa",41,"Acqua & Sapone ,  LPR Brakes - Ballan ,  Rock Racing"
7,"Time",33,"Bouygues Telecom ,  Cofidis, le Crédit par Téléphone"
8,"Look",31,"Crédit Agricole"
9,"Pinarello",30,"Aisan Racing Team ,  Caisse d'Epargne"
10,"Orbea",30,"Andalucia-Caja Sur ,  Ceramica Flaminia - Bossini Docce ,  Euskaltel - Euskadi ,  Orbea - Oreka SDA ,  Xacobeo-Galicia"
11,"Kuota",29,"Agritubel ,  Kuota Senges ,  Sava"
12,"Wilier",28,"Doha Team ,  Lampre"
13,"Ridley",24,"Contentpolis - Murcia ,  Silence - Lotto"
14,"Lapierre",21,"Française des Jeux"
15,"Felt",18,"Legia ,  Slipstream - Chipotle presented by H3O ,  Team Garmin - Chipotle ,  Team Konica Minolta - Bizhub"
16,"Bianchi",17,"Barloworld ,  Team Joker - Bianchi"
17,"SCOTT",17,"Saunier Duval - Scott ,  Scott - American Beef ,  Scott - Marcondes Cesar - São José dos Campos"
18,"Author",16,"DHL - Author ,  PSK Whirlpool-Author"
19,"BH",14,"AG2R La Mondiale ,  Burgos Monumental"
20,"Batavus",13,"Team P3 Transfer - Batavus"
21,"Felino",11,"Bretagne Armor Lux"
22,"Koga",10,"Skil - Shimano"
23,"Dynatek",7,"Dynatek - Latvia"
24,"SAB",6,"Katay Cycling Team"
25,"Merida",5,"Kalev Sport"
26,"Fondriest",4,"NGC Medical - OTC Industria Porte"
27,"LeMond",4,"Kelly Benefit Strategies / Medifast"
28,"Dolan",4,"Pezula Racing"
29,"Cannondale",3,"Health Net Presented By Maxxis"
30,"Condor",3,"Rapha - Condor - Recycling.co.uk"
31,"BMC",2,"BMC Racing Team"
32,"Fuji",2,"Caico Cycling Team"
33,"CKT",2,"StegComputer - CKT - Cogeas"
34,"GT",2,"Jelly Belly Cycling Team"
35,"Wheeler",2,"A-Style Somn"
36,"Jamis",2,"Colavita / Sutter Home presented by Cooking Light"
37,"Argon 18",1,"Team RACE Pro"
38,"Viner",1,"Madeinox - Boavista"
39,"Pinnacle",1,"Plowman Craven Racing Team"
1,"SCOTT",85,"Team Columbia - HTC"
2,"Specialized",73,"ISD Cycling Team ,  Quickstep - Innergetic ,  Saxo Bank"
3,"Giant",31,"Drapac - Porsche Cycling ,  Rabobank ProTeam"
4,"Felt",29,"Team Garmin - Slipstream"
5,"Pinarello",28,"Aisan Racing Team ,  Caisse d'Epargne"
6,"Ridley",28,"Contentpolis - Ampo ,  Team Katusha"
7,"Trek",27,"Astana ,  Tecos de la Universidad Autonoma de Guadalajara ,  Trek - Livestrong"
8,"Cervélo",26,"Cervelo Test Team"
9,"Wilier",24,"Doha Team ,  Lampre - NGC"
10,"Orbea",20,"Andalucia-Caja Sur ,  Euskaltel - Euskadi ,  Orbea - Oreka SDA ,  Xacobeo-Galicia"
11,"De Rosa",19,"Acqua & Sapone ,  LPR Brakes - Farnese Vini"
12,"Lapierre",18,"Française des Jeux"
13,"Bianchi",14,"Barloworld - Bianchi ,  Team Joker - Bianchi"
14,"Time",13,"Bbox Bouygues Telecom"
15,"Batavus",12,"Vacansoleil"
16,"Canyon",10,"Silence - Lotto"
17,"BH",10,"AG2R La Mondiale ,  Burgos Monumental - Castilla y Leon"
18,"Kestrel",10,"Rock Racing"
19,"Author",9,"PSK Whirlpool-Author"
20,"Focus",9,"Continental Team Milram ,  Milram"
21,"Kuota",7,"Ouch ,  Sava ,  Team Kuota - Indeland"
22,"Colnago",6,"CSF Group - Navigare"
23,"Argon 18",5,"Planet Energy"
24,"Fuji",4,"Fuji-Servetto"
25,"Merckx",4,"Topsport Vlaanderen - Mercator"
26,"BMC",3,"BMC Racing Team"
27,"Condor",3,"Rapha - Condor - Recycling.co.uk"
28,"CKT",3,"Team  Neotel"
29,"Jamis",3,"Colavita / Sutter Home presented by Cooking Light"
30,"Schwinn",2,"House of Paint"
1,"SCOTT",64,"Team HTC - Columbia"
2,"Specialized",56,"Astana ,  Saxo Bank"
3,"Pinarello",34,"Caisse d'Epargne ,  Sky Procycling"
4,"Trek",29,"RadioShack ,  Trek - Livestrong presented by Radioshack"
5,"Definitive",27,"Saur - Sojasun"
6,"Colnago",27,"Bbox Bouygues Telecom ,  Colnago - CSF Inox"
7,"Felt",27,"Team Garmin - Transitions"
8,"Giant",24,"Drapac - Porsche Cycling ,  Rabobank ProTeam"
9,"Ridley",24,"Palmans Cras ,  SparebankenVest – Ridley  ,  Team Katusha"
10,"Eddy Merckx",22,"Quickstep - Innergetic ,  Topsport Vlaanderen - Mercator"
11,"Focus",21,"Jelly Belly presented by Kenda ,  Milram ,  Team NetApp"
12,"Orbea",20,"Andalucia-Caja Sur ,  Euskaltel - Euskadi ,  Kelly Benefit Strategies"
13,"Kuota",20,"AG2R La Mondiale ,  UnitedHealthcare Presented by Maxxis"
14,"Wilier",19,"Lampre - Farnese Vini"
15,"Cervélo",17,"Cervelo Test Team"
16,"Lapierre",17,"Francaise des Jeux"
17,"Batavus",16,"Vacansoleil"
18,"Cipollini",15,"ISD - Neri"
19,"Koga",15,"Skil - Shimano"
20,"Bianchi",12,"Ceramica Flaminia - Bossini Docce ,  Team Joker - Bianchi"
21,"Canyon",11,"Omega Pharma-Lotto"
22,"Argon 18",10,"Spidertech presented by Planet Energy"
23,"Author",10,"PSK Whirlpool-Author"
24,"BH",9,"Burgos 2016 - Castilla y Leon ,  Caja Rural ,  Xacobeo-Galicia"
25,"Corratec",9,"Mróz - Active Jet"
26,"Fuji",6,"Footon-Servetto"
27,"BMC",5,"BMC Racing Team"
28,"Condor",5,"Rapha Condor Sharp"
29,"Principia",5,"An Post-M.Donnelly-Grant Thornton-Sean Kelly Team"
30,"Bottecchia",4,"Acqua & Sapone"
31,"Jamis",1,"Jamis - Sutter Home presented by Colavita"
32,"SDC",1,"Team Heizomat Mapei"
1,"Trek",63,"Leopard Trek ,  RadioShack ,  Trek - Livestrong presented by Radioshack"
2,"Pinarello",53,"Movistar Team ,  Sky Procycling"
3,"Colnago",48,"Colnago - CSF Inox ,  Team Europcar ,  Team Type 1 - SANOFI ,  Team Type 1 - Sanofi Aventis"
4,"Giant",34,"Drapac - Porsche Cycling ,  Rabobank Cycling Team"
5,"Wilier",33,"Aisan Racing Team ,  Lampre - ISD"
6,"Koga",30,"Skil - Shimano"
7,"Canyon",29,"Omega Pharma-Lotto"
8,"Lapierre",28,"FDJ"
9,"Cervélo",27,"Team Garmin - Cervélo"
10,"Ridley",26,"SparebankenVest - Ridley  ,  Vacansoleil - DCM"
11,"Look",26,"BigMat - Auber 93 ,  Cofidis, le Crédit en Ligne"
12,"Focus",26,"Jelly Belly presented by Kenda ,  Team Katusha"
13,"Cipollini",21,"Farnese Vini-Neri-Sottoli"
14,"Specialized",19,"Pro Team Astana ,  Saxo Bank - Sungard"
15,"Orbea",17,"Andalucia - Caja Granada ,  Euskaltel - Euskadi ,  Kelly Benefit Strategies - OptumHealth  ,  Orbea - Oreka SDA"
16,"Time",17,"Saur - Sojasun"
17,"Merida",15,"CCC - Polsat - Polkowice ,  Team Joker - Merida"
18,"BMC",13,"BMC Racing Team"
19,"Dolan",12,"An Post-M.Donnelly-Grant Thornton-Sean Kelly Team"
20,"Guerciotti",9,"Miche-Guerciotti"
21,"Eddy Merckx",9,"Quickstep Cycling Team ,  Topsport Vlaanderen - Mercator"
22,"Condor",9,"Rapha Condor Sharp"
23,"Argon 18",7,"Spidertech Powered by C10 ,  Test Team Raiko - Argon 18"
24,"Author",7,"PSK Whirlpool-Author"
25,"De Rosa",6,"Christina Watches-Onfone"
26,"Kuota",6,"AG2R La Mondiale"
27,"Boardman",5,"UnitedHealthcare Presented by Maxxis"
28,"Red Bull",5,"LKT Team Brandenburg"
29,"Malvern Star",5,"Genesys Wealth Advisers"
30,"Bottecchia",4,"Acqua & Sapone"
31,"Fuji",4,"Geox-TMC Transformers"
32,"BH",3,"Burgos 2016 - Castilla y Leon ,  Caja Rural"
33,"Simplon",1,"Team Netapp"
34,"Jamis",1,"Jamis - Sutter Home presented by Colavita"
35,"Vivelo",1,"Tusnad Cycling Team"
1,"Specialized",81,"Aisan Racing Team ,  Astana Pro Team ,  Omega Pharma - Quick-Step ,  Team Saxo Bank - Tinkoff Bank"
2,"Pinarello",80,"Movistar Team ,  Sky Procycling"
3,"Trek",44,"Bontrager Livestrong Team ,  RadioShack - Nissan ,  Team MTN Qhubeka"
4,"Colnago",33,"Colnago CSF Bardiani ,  Team Europcar"
5,"Giant",33,"Drapac Cycling Team ,  Funvic - Pindamonhangaba ,  Rabobank Cycling Team"
6,"SCOTT",32,"Orica GreenEDGE"
7,"Canyon",30,"Team Katusha"
8,"Felt",30,"Argos - Shimano"
9,"Ridley",28,"Lotto Belisol Team ,  Team Oster Hus - Ridley"
10,"Lapierre",24,"FDJ - BigMat"
11,"Bianchi",23,"Colombia - Coldeportes ,  Vacansoleil - DCM"
12,"BMC",23,"BMC - Hincapie Sportswear Team ,  BMC Racing Team"
13,"Cervélo",23,"Garmin Sharp ,  Team Garmin - Barracuda"
14,"Vivelo",23,"Caja Rural ,  CCC Polsat Polkowice ,  Tusnad Cycling Team"
15,"De Rosa",22,"Team Nippo"
16,"Orbea",19,"Euskaltel - Euskadi ,  Optum p/b Kelly Benefit Strategies"
17,"Time",17,"Saur - Sojasun"
18,"Cipollini",17,"Farnese Vini-Neri-Sottoli"
19,"Focus",13,"Acqua & Sapone ,  Jelly Belly Cycling"
20,"NeilPryde",12,"UnitedHealthcare Presented by Maxxis"
21,"KTM",11,"Bretagne Schuller"
22,"Simplon",11,"Team Netapp"
23,"Ideal",11,"SP Tableware Cycling Team"
24,"Look",9,"BigMat - Auber 93 ,  Cofidis, le Crédit en Ligne"
25,"Wilier",8,"Lampre - ISD"
26,"Malvern Star",8,"Genesys Wealth Advisers"
27,"Garneau",7,"Team Quebecor Garneau"
28,"Merckx",4,"Topsport Vlaanderen - Mercator"
29,"Jorbi",4,"Carmin - Prio"
30,"Kuota",4,"AG2R La Mondiale"
31,"Argon 18",3,"Spidertech Powered by C10"
32,"Fuji",3,"Champion System Pro Cycling Team"
33,"Author",3,"Whirlpool-Author"
34,"Merida",1,"Team Joker - Merida"
35,"BH",1,"Burgos BH - Castilla y Leon"
36,"Opera",1,"OCBC Singapore Continental Cycling Team"
37,"Jamis",1,"Jamis/Sutter Home Pro Cycling Team"
38,"Axman",1,"Action Cycling Team"
1,"Specialized",85,"Aisan Racing Team ,  Astana Pro Team ,  Omega Pharma - Quick-Step ,  Team Saxo - Tinkoff"
2,"Pinarello",72,"Movistar Team ,  Sky Procycling"
3,"Giant",60,"Belkin-Pro Cycling Team ,  Blanco Pro Cycling Team ,  Drapac Cycling Team ,  Kolss Cycling Team"
4,"Trek",48,"Bontrager  Cycling Team ,  MTN - Qhubeka ,  RadioShack - Leopard"
5,"SCOTT",48,"IAM Cycling ,  Orica GreenEDGE"
6,"Colnago",46,"Christina Watches-Onfone ,  RusVelo ,  Team Europcar"
7,"Lapierre",38,"FDJ ,  FDJ.fr  ,  Roubaix Lille Métropole"
8,"BMC",37,"BMC Racing Team ,  Hincapie Sportswear Development Team"
9,"Canyon",35,"Team Katusha"
10,"Ridley",33,"Lotto Belisol Team ,  Team Oster Hus - Ridley"
11,"Felt",31,"Team Argos - Shimano"
12,"MCipollini",27,"Bardiani Valvole - CSF Inox  ,  Vini Fantini"
13,"Merida",26,"Lampre - Merida ,  Team Joker - Merida"
14,"Cervélo",20,"Garmin Sharp"
15,"Orbea",20,"Euskadi ,  Euskaltel - Euskadi ,  Optum p/b Kelly Benefit Strategies"
16,"Fuji",18,"Champion System Pro Cycling Team ,  Team NetApp – Endura"
17,"Focus",17,"AG2R La Mondiale ,  Jelly Belly p/b Kenda ,  Rádio Popular-Onda"
18,"Bianchi",15,"Vacansoleil - DCM"
19,"Guerciotti",15,"CCC Polsat Polkowice ,  Meridiana Kamen Team"
20,"De Rosa",15,"Team Nippo - De Rosa"
21,"Merckx",15,"SP Tableware ,  Topsport Vlaanderen - Baloise"
22,"Look",12,"BigMat - Auber 93 ,  Cofidis, Solutions Crédits"
23,"Avanti",12,"Huon Salmon Genesys Wealth Advisers p/b Praties"
24,"BH",9,"Burgos BH - Castilla y Leon ,  Sojasun ,  Tusnad Cycling Team"
25,"Wilier",9,"Radenska ,  Team Colombia"
26,"CKT",9,"La Pomme Marseille"
27,"NeilPryde",8,"UnitedHealthcare Presented by Maxxis"
28,"KTM",6,"Bretagne - Séché Environnement"
29,"Vitus",5,"An Post - Chain Reaction"
30,"Vivelo",5,"Caja Rural - Seguros RGA"
31,"Cube",4,"Team Stölting"
32,"Fondriest",4,"Ceramica Flaminia - Fondriest"
33,"Caloi",3,"Funvic Brasilinvest - São José dos Campos"
34,"Jamis",3,"Jamis - Hagens Berman"
35,"Devinci",3,"5-hour Energy"
36,"Carrera",2,"Accent.jobs – Wanty"
37,"Cannondale",1,"C Project"
38,"Condor",1,"Rapha Condor"
39,"Rose",1,"LKT Team Brandenburg"
40,"Hrinkow",1,"Team Vorarlberg"
41,"Trigon",1,"Start - Trigon Cycling Team"
1,"Specialized",158,"Adria Mobil ,  Astana Pro Team ,  Etixx ,  Omega Pharma - Quick-Step ,  Team Trefor - Blue Water ,  Tinkoff - Saxo"
2,"Pinarello",70,"LBC - MVP Sports Foundation Cycling Team ,  Movistar Team ,  Team Sky"
3,"SCOTT",68,"Aisan Racing Team ,  IAM Cycling ,  Orica GreenEDGE"
4,"Giant",59,"Development Team Giant-Shimano  ,  Team Giant - Shimano ,  Team Joker"
5,"Colnago",56,"RusVelo ,  Team Europcar"
6,"Trek",55,"ActiveJet Team ,  Bissell  Development Team ,  MTN - Qhubeka ,  Trek Factory Racing"
7,"Lapierre",49,"FDJ.fr  ,  Roubaix Lille Métropole"
8,"Cipollini",45,"Amore & Vita - Selle SMP ,  Bardiani - CSF Pro Team ,  Neri Sottoli"
9,"Focus",42,"AG2R La Mondiale ,  Matrix Powertag ,  Rádio Popular"
10,"Ridley",41,"Lotto Belisol  ,  Team Oster Hus - Ridley"
11,"Merida",40,"Lampre - Merida ,  Marchiol Emisfero"
12,"BMC",39,"BMC Racing Team"
13,"Canyon",34,"Team Katusha"
14,"Wilier",34,"MG Kvis - Wilier ,  Radenska ,  Team Colombia ,  Team SmartStop  ,  UnitedHealthcare Pro Cycling Team"
15,"Merckx",33,"Kastro Team ,  SP Tableware ,  Topsport Vlaanderen - Baloise ,  Wallonie - Bruxelles"
16,"Bianchi",32,"Belkin-Pro Cycling Team"
17,"Cervélo",31,"Garmin Sharp"
18,"Kuota",31,"Wanty - Groupe Gobert"
19,"Guerciotti",26,"CCC Polsat Polkowice ,  Meridiana Kamen Team"
20,"Kemo",20,"Bretagne - Séché Environnement"
21,"Cannondale",15,"Riwal Cycling Team ,  Funvic Brasilinvest - São José dos Campos"
22,"Fuji",14,"Team NetApp – Endura"
23,"De Rosa",14,"Vini Fantini Nippo"
24,"Vivelo",14,"Caja Rural - Seguros RGA"
25,"Look",13,"BigMat - Auber 93"
26,"SwiftCarbon",13,"Drapac Professional Cycling ,  NFTO"
27,"Cube",11,"Team Stölting"
28,"BH",11,"Burgos-BH ,  Tusnad Cycling Team"
29,"Bottecchia",11,"Area Zero Pro Team ,  Clube Dataro de Ciclismo-Bottecchia"
30,"Orbea",10,"Euskadi ,  Team Novo Nordisk"
31,"Condor",10,"Rapha Condor JLT"
32,"Jorbi",9,"Banco BIC - Carmim ,  Louletano - Dunas Douradas"
33,"Vitus",9,"An Post - Chain Reaction"
34,"Diamondback",7,"Optum p/b Kelly Benefit Strategies"
35,"Simplon",7,"Team Gourmetfein Simplon Wels"
36,"Anchor",7,"Bridgestone Anchor Cycling Team"
37,"Hrinkow",7,"Team Vorarlberg"
38,"KTM",6,"Tirol Cycling Team"
39,"Author",5,"Bauknecht - Author ,  Team Dukla Praha"
40,"Avanti",5,"Avanti Racing Team"
41,"Felt",4,"Hincapie Sportswear Development Team"
42,"Fondriest",4,"Nankang - Fondriest"
43,"Rose",4,"LKT Team Brandenburg ,  Rad-Net Rose Team"
44,"Viner",4,"Christina Watches - Kuma"
45,"Jamis",4,"Jamis - Hagens Berman"
46,"Salcano",3,"Torku Şekerspor"
47,"Keith",3,"Keith Mobel - Partizan"
48,"Argon 18",2,"Jelly Belly p/b Maxxis"
49,"Gusto",2,"Team Gusto"
50,"Marin",2,"Airgas Cycling"
51,"Garneau",1,"Garneau - Québecor"
52,"Basso",1,"MLP Team Bergstraße"
53,"Genesis",1,"Madison Genesis"
54,"Carrera",1,"Parkhotel Valkenburg"
55,"Litespeed",1,"Astellas Cycling Team"
56,"Marcello",1,"Team Heizomat"
57,"Trigon",1,"Start - Trigon Cycling Team"
1,"Specialized",143,"Adria Mobil ,  Astana Pro Team ,  AWT-GreenWay ,  Cycling Academy Team ,  Etixx - Quick Step ,  Tinkoff - Saxo"
2,"Canyon",72,"Movistar Team ,  Team Katusha"
3,"Ridley",58,"ColoQuick  ,  Cult Energy Pro Cycling ,  Lotto Soudal ,  Team Coop - ØsterHus ,  Wallonie - Bruxelles"
4,"Cipollini",49,"Amore & Vita - Selle SMP ,  Axeon Cycling Team ,  Bardiani - CSF Pro Team ,  Equipe Cycliste Armée de Terre ,  Southeast"
5,"Pinarello",47,"Team Sky ,  Team Wiggins"
6,"SCOTT",46,"Aisan Racing Team ,  IAM Cycling ,  Orica GreenEDGE"
7,"BMC",41,"Amplatz - BMC ,  BMC Racing Team"
8,"Merida",36,"Lampre - Merida ,  Roth - Skoda"
9,"Focus",33,"AG2R La Mondiale ,  Data#3 Symantec team p/b Scody ,  Matrix Powertag"
10,"Colnago",28,"RusVelo ,  Team Europcar"
11,"Trek",27,"ActiveJet Team ,  Trek Factory Racing"
12,"Giant",26,"Team Giant - Alpecin ,  Team Joker"
13,"Salcano",25,"Torku Şekerspor"
14,"Lapierre",23,"FDJ ,  Roubaix Lille Métropole"
15,"Guerciotti",21,"CCC Sprandi Polkowice  ,  Meridiana Kamen Team"
16,"Cervélo",20,"MTN - Qhubeka"
17,"Fuji",19,"Caja Rural - Seguros RGA"
18,"Argon 18",15,"Bora - Argon 18 ,  Team Trefor - Blue Water"
19,"De Rosa",13,"Nippo - Vini Fantini"
20,"Avanti",13,"Avanti Racing Team"
21,"Cannondale",12,"Riwal Platform Cycling Team ,  Team Cannondale - Garmin"
22,"BH",12,"Auber 93 ,  Burgos-BH ,  Efapel"
23,"Look",12,"Bretagne - Séché Environnement ,  Team FixIT.no"
24,"Merckx",12,"Topsport Vlaanderen - Baloise"
25,"Soul",12,"Funvic - São José dos Campos"
26,"Wilier",11,"Team Colombia ,  Unieuro Wilier Trevigiani ,  UnitedHealthcare Pro Cycling Team"
27,"Diamondback",11,"Optum p/b Kelly Benefit Strategies"
28,"Vitus",11,"An Post - Chain Reaction"
29,"Cube",9,"Wanty - Groupe Gobert"
30,"SwiftCarbon",9,"Drapac Professional Cycling"
31,"Bianchi",8,"Team LottoNL-Jumbo ,  Team Tre Berg-Bianchi"
32,"KTM",8,"Team Marseille 13 KTM"
33,"Simplon",8,"Team Felbermayr - Simplon Wels"
34,"Stevens",8,"Team Stölting  ,  Team Vorarlberg"
35,"Author",7,"Team Dukla Praha ,  Whirlpool Author"
36,"NeilPryde",5,"Team SmartStop"
37,"Jorbi",4,"Louletano - Ray Just Energy ,  Tavira"
38,"Felt",4,"Hincapie Racing Team ,  NFTO"
39,"Gusto",4,"Attaque Team Gusto"
40,"Anchor",4,"Bridgestone Anchor Cycling Team"
41,"Carrera",4,"MG.Kvis Vega"
42,"Dynatek",4,"Nankang - Dynatek"
43,"Kuota",4,"Team Kuota-Lotto ,  Team UKYO"
44,"Keith",4,"Keith Mobel - Partizan"
45,"Koga",3,"SEG Racing"
46,"Hersh",3,"GM Cycling Team"
47,"Rose",3,"Rad-Net Rose Team"
48,"Jamis",3,"Jamis - Hagens Berman"
49,"Hrinkow",3,"Team Hrinkow Advarics Cycleang"
50,"Orbea",2,"Team Novo Nordisk"
51,"Garneau",2,"Garneau - Québecor"
1,"Specialized",150,"Pedal Heaven Race Team ,  Adria Mobil ,  Astana Pro Team ,  Astellas Cycling Team ,  Axeon Hagens Berman ,  Etixx - Quick Step ,  Klein Constantia ,  Team Illuminate ,  Tinkoff"
2,"Canyon",61,"Movistar Team ,  Team Katusha"
3,"Trek",52,"NASR-DUBAI ,  Trek - Segafredo ,  VERVA ActiveJet Pro Cycling Team"
4,"SCOTT",50,"Efapel ,  IAM Cycling ,  Orica GreenEDGE ,  ORICA-BikeExchange"
5,"Wilier",42,"Terengganu Cycling Team ,  Unieuro Wilier ,  UnitedHealthcare Pro Cycling Team ,  Wilier - Southeast"
6,"Pinarello",40,"Team Sky ,  Team Wiggins"
7,"BMC",36,"Amplatz - BMC ,  BMC Racing Team"
8,"Cervélo",32,"Team Dimension Data"
9,"Ridley",32,"Lotto Soudal ,  Team Coop - ØsterHus ,  Wallonie - Bruxelles"
10,"Argon 18",30,"Bora - Argon 18 ,  Jelly Belly p/b Maxxis ,  Skydive Dubai Pro Cycling Team - Al Ahli Club ,  Team Trefor ,  Virtu Pro Veloconcept"
11,"Cannondale",26,"Cannondale Pro Cycling Team ,  Cannondale-Drapac Pro Cycling Team ,  Cycling Academy Team ,  Korail Cycling Team ,  Riwal Platform Cycling Team"
12,"BH",26,"Direct Energie ,  LX  - IIBS Cycling team"
13,"Giant",23,"State of Matter MAAP Racing ,  Team Giant - Alpecin ,  Team Joker - Byggtorget"
14,"Lapierre",23,"FDJ ,  Roubaix Lille Métropole"
15,"Bianchi",22,"Team LottoNL-Jumbo ,  Team Ringeriks - Kraft  ,  Team Tre Berg-Bianchi"
16,"Merida",22,"Dukla Banska Bystrica ,  Lampre - Merida"
17,"Cipollini",19,"Amore & Vita - Selle SMP ,  Bardiani - CSF ,  Equipe Cycliste Armée de Terre"
18,"Factor",13,"One Pro Cycling"
19,"Look",13,"Fortuneo - Vital Concept ,  Wisdom - Hengxiang Cycling Team"
20,"Guerciotti",12,"CCC Sprandi Polkowice"
21,"SwiftCarbon",12,"Drapac Professional Cycling"
22,"Cube",11,"Wanty - Groupe Gobert"
23,"KTM",11,"Delko Marseille Provence KTM ,  W52/FC Porto"
24,"Fuji",11,"Caja Rural - Seguros RGA"
25,"Garneau",10,"Garneau - Québecor ,  Team UKYO"
26,"Diamondback",10,"Rally Cycling"
27,"Focus",10,"AG2R La Mondiale ,  Data#3 Cisco Racing Team p/b Scody"
28,"Avanti",10,"Avanti IsoWhey Sport"
29,"Simplon",8,"Team Felbermayr - Simplon Wels"
30,"Rose",8,"Rad-Net Rose Team ,  Stölting Service Group"
31,"Colnago",7,"Gazprom-RusVelo"
32,"De Rosa",7,"Nippo - Vini Fantini"
33,"Merckx",6,"Lupus Racing Team ,  Topsport Vlaanderen - Baloise"
34,"Felt",6,"Holowesko-Citadel Racing Team"
35,"Salcano",5,"Torku Sekerspor"
36,"Jamis",5,"Team Jamis"
37,"Jorbi",4,"Louletano - Hospital de Loulé  ,  Sporting Clube de Portugal/Tavira"
38,"Yonex",4,"Kinan Cycling Team"
39,"Author",4,"Whirlpool Author"
40,"Stevens",4,"Team Vorarlberg"
41,"Anchor",4,"Bridgestone Anchor Cycling Team"
42,"Hersh",4,"GM Europa Ovini"
43,"Condor",3,"JLT Condor"
44,"Soul",3,"Funvic Soul Cycles - Carrefour"
45,"Gusto",3,"Attaque Team Gusto"
46,"Kuota",3,"Radenska Ljubljana ,  Team Kuota-Lotto"
47,"Stradalli",3,"Stradalli - Bike Aid"
48,"Bottecchia",2,"d'Amico - Bottecchia"
49,"Gios",2,"Team Manzana Postobon"
50,"Koga",2,"SEG Racing Academy"
51,"Vitus",2,"An Post Chain Reaction"
52,"Orbea",1,"Euskadi Basque Country - Murias"
53,"Time",1,"HP BTP - Auber93"
54,"Genesis",1,"Madison Genesis"
55,"Massi",1,"Massi - Kuwait Cycling Project"
56,"XDS",1,"Beijing XDS - Innova Cycling Team"
1,"Specialized",117,"Adria Mobil ,  Agrupacion Virgen De Fatima ,  Axeon Hagens Berman ,  BORA - hansgrohe ,  Canels Specialized ,  Quick-Step Floors ,  Team Illuminate ,  Thailand Continental Cycling Team"
2,"BMC",67,"Amplatz - BMC ,  BMC Racing Team ,  Metec - TKH Continental Cyclingteam p/b Mantel ,  Team Sparebanken Sør"
3,"Cervélo",61,"Dimension Data for Qhubeka ,  IsoWhey Sports SwissWellness team ,  Oliver's Real Food ,  Team Dimension Data ,  Team Sapura Cycling ,  Team Virtu Cycling"
4,"Scott",54,"Efapel ,  EPM ,  Equipo de ciclismo Coldeportes Zenu ,  Hangar 15 Bicycles  ,  LA Aluminios-Metalusa ,  Mitchelton Scott ,  ORICA-Scott ,  ROG - Ljubljana ,  WSA-Greenlife"
5,"Canyon",52,"BIKE Channel Canyon ,  Movistar Team ,  Shimano Racing Team ,  Team Katusha Alpecin"
6,"Colnago",48,"Gazprom-RusVelo ,  Kolss Cycling Team ,  Pauwels sauzen - Vastgoedservice Continental Team ,  UAE Team Emirates"
7,"Ridley",41,"Aqua Blue Sport ,  Equipo Bolivia ,  Lotto Soudal ,  Team Coop  ,  WB Veranclassic Aqua Protect"
8,"Giant",40,"Development Team Sunweb ,  Leopard Pro Cycling  ,  Pishgaman Cycling Team ,  Rietumu Banka - Riga ,  Team Giant - Castelli ,  Team Sunweb"
9,"Lapierre",38,"FDJ ,  Terengganu Cycling Team"
10,"Orbea",35,"Cofidis, Solutions Crédits ,  Inteja Dominican Cycling Team ,  Kuwait - Cartucho.es ,  UnitedHealthcare Pro Cycling Team"
11,"Pinarello",34,"Team Sky"
12,"Bianchi",28,"KSPO ,  Team LottoNL-Jumbo ,  Uno-X Hydrogen Development Team"
13,"KTM",28,"Delko Marseille Provence KTM ,  Tabriz Shahrdary Team ,  Tirol Cycling Team ,  W52/FC Porto"
14,"Wilier",28,"Bicicletas Strongman ,  St. George Continental Cycling Team ,  Unieuro Trevigiani - Hemus 1896 ,  Wilier Triestina - Selle Italia"
15,"BH",27,"Burgos-BH ,  Direct Energie ,  LX Cycling Team"
16,"Cannondale",26,"Cannondale-Drapac Pro Cycling Team ,  ColoQuick CULT ,  Drapac Pat's Veg Holistic Development Team ,  Israel Cycling Academy"
17,"Argon 18",26,"Astana Pro Team ,  Jelly Belly p/b Maxxis ,  Riwal Platform Cycling Team"
18,"Fuji",24,"Caja Rural - Seguros RGA ,  Equipo Continental Municipalidad de Pocito ,  Synergy Baku Cycling Project ,  Team FixIT.no ,  Voster Uniwheels Team ,  Wibatech 7r Fuji"
19,"Girs",20,"Equipe Cycliste Armée de Terre"
20,"Trek",19,"NSW Institute of Sport ,  Trek - Segafredo"
21,"Diamondback",19,"Rally Cycling"
22,"Guerciotti",18,"CCC Sprandi Polkowice"
23,"Garneau",18,"Garneau - Québecor ,  Team UKYO"
24,"Factor",16,"AG2R La Mondiale"
25,"Merida",15,"Bahrain Merida Pro Cycling Team ,  Dukla Banska Bystrica ,  Utsunomiya Blitzen"
26,"Felt",14,"Holowesko-Citadel Racing Team ,  Vérandas Willems-Crelan"
27,"Focus",14,"Domin Sport ,  Matrix Powertag ,  Ningxia Sports Lottery - Livall Cycling team ,  Radio Popular Boavista"
28,"Cube",13,"Aisan Racing Team ,  Wanty - Groupe Gobert"
29,"Simplon",13,"Baby-Dump Cyclingteam ,  Team Felbermayr - Simplon Wels"
30,"Look",12,"Fortuneo - Oscaro"
31,"Author",12,"Elkov - Author Cycling Team"
32,"De Rosa",11,"Nippo - Vini Fantini"
33,"Condor",11,"JLT Condor"
34,"Merckx",10,"Delta Cycling Rotterdam ,  Destil - Jo Piels Cycling Team ,  Sport Vlaanderen - Baloise"
35,"Yonex",10,"Kinan Cycling Team"
36,"Salcano",9,"Torku Sekerspor"
37,"Berria",8,"Medellin - Inder"
38,"Aist",8,"Minsk Cycling Club"
39,"Benotti",8,"Bike Aid"
40,"Stevens",7,"Beobank - Corendon ,  Team Vorarlberg"
41,"Olmo",6,"Sangemini - MG.Kvis"
42,"Fondriest",6,"Amore & Vita - Selle SMP presented by FONDRIEST"
43,"Boardman",6,"One Pro Cycling"
44,"Koga",6,"SEG Racing Academy"
45,"Time",5,"HP BTP - Auber93"
46,"Gavia",5,"Team Joker Icopal"
47,"Vitus",5,"An Post Chain Reaction"
48,"Gios",4,"Manzana Postobon"
49,"Cipollini",4,"Bardiani - CSF"
50,"Jorbi",4,"ISD-Jorbi Continental Team ,  Louletano - Hospital de Loulé ,  Sporting Clube de Portugal/Tavira"
51,"CKT",4,"Cibel - Cebon ,  Monkey Town Continental Team"
52,"Soul",4,"Soul Brasil Pro Cycling Team"
53,"Anchor",3,"Bridgestone Anchor Cycling Team"
54,"Python",3,"BHS - Almeborg-Bornholm"
55,"Dare",3,"Dare Viator Partizan"
56,"Hrinkow",3,"Team Hrinkow Advarics Cycleang"
57,"Isaac",2,"Roompot - Nederlandse Loterij"
58,"Gusto",2,"Attaque Team Gusto"
59,"Hersh",2,"GM Europa Ovini"
60,"MMR",2,"Team Differdange - Losch"
61,"Rose",2,"Rad-Net Rose Team"
62,"Kuota",2,"Roth-Akros"
63,"Zannata",1,"Tarteletto - Isorex"
64,"RTS",1,"RTS - Monton Racing"
65,"Taokas",1,"7 Eleven - Roadbike Philippines"
66,"AsianCycleExpress",1,"Nice Pro Cycling Team"
67,"Memil",1,"Memil Pro Cycling"
68,"GW",1,"GW - Shimano"
69,"Cello",1,"Geumsan Insam Cello"
70,"XDS",1,"Beijing XDS - Innova Cycling Team"
1,"Specialized",129,"Adria Mobil ,  BORA - hansgrohe ,  Hagens Berman Axeon ,  Quick-Step Floors ,  Team Illuminate"
2,"Wilier",55,"Direct Energie ,  ProTouch ,  St. George Continental Cycling Team ,  Trevigiani Phonix - Hemus 1896 ,  Wilier Triestina - Selle Italia"
3,"Pinarello",50,"Riwal CeramicSpeed Cycling Team ,  Team Sky ,  Team Wiggins"
4,"Lapierre",46,"Groupama - FDJ ,  Roubaix Lille Métropole ,  Terengganu Cycling Team"
5,"Scott",45,"303Project ,  Mitchelton - BikeExchange ,  Mitchelton-Scott"
6,"Ridley",39,"Australian Cycling Academy - Ride Sunshine Coast ,  LKT Team Brandenburg ,  Lotto Soudal ,  Team Coop  ,  WB Aqua Protect Veranclassic"
7,"Trek",36,"ColoQuick ,  Polartec-Kometa ,  Trek - Segafredo"
8,"Merida",35,"Bahrain Merida Pro Cycling Team ,  Dukla Banska Bystrica ,  Utsunomiya Blitzen"
9,"Canyon",35,"Canyon Eisberg ,  Movistar Team ,  Team Embrace The World ,  Team Katusha Alpecin"
10,"Bianchi",34,"KSPO Bianchi Asia Procycling ,  Team LottoNL-Jumbo"
11,"Cervélo",34,"Bennelong SwissWellness Cycling Team ,  Minsk Cycling Club ,  Team Dimension Data ,  Team Sapura Cycling"
12,"Orbea",33,"Euskadi - Murias ,  UnitedHealthcare Pro Cycling Team ,  VIB Sports ,  Vital Concept Cycling Club"
13,"Argon 18",32,"Astana Pro Team ,  Jelly Belly p/b Maxxis"
14,"De Rosa",31,"Caja Rural - Seguros RGA ,  Israel Cycling Academy ,  Nippo - Vini Fantini - Europa Ovini"
15,"BMC",30,"BMC Racing Team ,  Holowesko - Citadel p/b Arapahoe Resources ,  Metec - TKH Continental Cyclingteam p/b Mantel"
16,"Kuota",21,"Cofidis, Solutions Crédits"
17,"KTM",19,"Delko Marseille Provence KTM ,  Tirol Cycling Team ,  W52/FC Porto"
18,"Simplon",19,"Team Felbermayr - Simplon Wels  ,  Team Lotto - Kern Haus"
19,"Fuji",17,"St Michel - Auber93 ,  Synergy Baku Cycling Project ,  Team UKYO ,  WSA Pushbikers"
20,"Factor",15,"AG2R La Mondiale"
21,"Author",15,"Elkov - Author Cycling Team ,  Voster Uniwheels Team"
22,"Cube",14,"Aisan Racing Team ,  Wanty - Groupe Gobert"
23,"Colnago",14,"Gazprom-RusVelo ,  Team Novo Nordisk ,  UAE-Team Emirates"
24,"Stevens",14,"My Bike - Stevens ,  Team Vorarlberg Santic ,  Vérandas Willems-Crelan"
25,"Koga",13,"SEG Racing Academy"
26,"Storck",13,"One Pro Cycling ,  Team Virtu Cycling ,  Team Waoo"
27,"Cannondale",12,"Aevolo ,  Drapac EF Cycling ,  Funvic - São José dos Campos ,  Team EF Education First-Drapac p/b Cannondale"
28,"Gios",12,"Manzana Postobon"
29,"Giant",11,"Team Sunweb"
30,"Cipollini",11,"Bardiani - CSF ,  Efapel"
31,"Focus",11,"Matrix Powertag ,  MsTina-Focus ,  Oliver's Real Food ,  Radio Popular Boavista"
32,"Condor",10,"JLT Condor"
33,"Wibatech",10,"Wibatech Merx 7R"
34,"Jorbi",9,"Aviludo - Louletano ,  Sporting Clube de Portugal/Tavira"
35,"Benotti",8,"Bike Aid"
36,"Gavia",7,"Team Joker Icopal"
37,"Yonex",6,"Kinan Cycling Team"
38,"Gusto",6,"Ljubljana Gusto Xaurum ,  Start Team Gusto"
39,"Python",6,"BHS - Almeborg-Bornholm"
40,"Olmo",4,"Sangemini - MG.Kvis"
41,"Diamondback",4,"Rally Cycling"
42,"KHS",4,"Elevate - KHS Pro Cycling"
43,"SwiftCarbon",4,"Vito-Feirense-BlackJack"
44,"BH",3,"Burgos-BH ,  Team Fortuneo - Samsic"
45,"Look",3,"Hengxiang Cycling Team ,  Team Fortuneo - Samsic"
46,"Memil",3,"Memil - CCN Pro Cycling"
47,"Java",3,"Java-Partizan Pro Cycling Team"
48,"Dare",3,"Uno-X Norwegian Development Team"
49,"Jamis",3,"Silber Pro Cycling"
50,"Berria",2,"Medellin"
51,"Basso",2,"Team Hurom"
52,"GW",2,"GW - Shimano"
53,"Massi",2,"Massi - Kuwait Team"
54,"Cello",2,"Geumsan Insam Cello"
55,"XDS",2,"Beijing XDS - Innova Cycling Team"
56,"Guerciotti",1,"Meridiana Kamen Team"
57,"Merckx",1,"Sport Vlaanderen - Baloise"
58,"RTS",1,"RTS Racing Team"
59,"Genesis",1,"Madison Genesis"
60,"MMR",1,"Team Differdange - Losch"
61,"Stradalli",1,"Interpro Stradalli Cycling"
62,"Bridgestone",1,"Bridgestone Anchor Cycling Team"
1,"Specialized",147,"Adria Mobil ,  BORA - hansgrohe ,  Canel's - Specialized ,  Deceuninck - Quick Step ,  GENERAL STORE -ESSEGIBI-F.LLI CURIA ,  Team Illuminate ,  Thailand Continental Cycling Team ,  Wildlife Generation p/b Maxxis ,  X-Speed United"
2,"Argon 18",61,"Astana Pro Team ,  Team Vorarlberg Santic ,  Terengganu Inc. TSG Cycling Team"
3,"Bianchi",56,"IAM Excelsior ,  KSPO Bianchi Asia Procycling ,  Team Jumbo-Visma"
4,"Canyon",52,"Canyon dhb p/b Bloor Homes  ,  Corendon - Circus ,  Movistar Team ,  Team Katusha Alpecin"
5,"Cervélo",48,"Oliver's Real Food ,  Radio Popular Boavista ,  Team BridgeLane ,  Team Sapura Cycling ,  Team Sunweb"
6,"De Rosa",44,"Aisan Racing Team ,  Caja Rural - Seguros RGA ,  Israel Cycling Academy ,  Nippo Vini Fantini Faizanè"
7,"Pinarello",43,"Biesse Carrera ,  Cycling Team Friuli ,  Hagens Berman Axeon ,  Riwal Readynez Cycling Team ,  Team INEOS ,  Team Sky ,  Team Wiggins Le Col"
8,"Ridley",41,"Benediction Excel Energy ,  LKT Team Brandenburg ,  Lotto Soudal ,  Pro Racing Sunshine Coast ,  Team Coop  ,  Wallonie-Bruxelles"
9,"Scott",37,"BAI - Sicasal - Petro de Luanda ,  Mitchelton-Scott"
10,"Colnago",33,"Gazprom-RusVelo ,  Kyiv Capital Team ,  UAE-Team Emirates"
11,"Lapierre",31,"Groupama - FDJ ,  Interpro Cycling Academy ,  Natura4Ever - Roubaix Lille Métropole"
12,"Merida",26,"Bahrain Merida ,  Dukla Banska Bystrica ,  Utsunomiya Blitzen"
13,"Orbea",25,"Efapel ,  Euskadi Basque Country - Murias ,  Fundación Euskadi ,  Vital Concept - B&B Hotels"
14,"Giant",23,"CCC Development Team ,  CCC Team ,  Leopard Pro Cycling"
15,"Cannondale",20,"Aevolo ,  Drapac-Cannondale Holistic Development Team ,  EF Education First"
16,"Kuota",20,"Cofidis, Solutions Crédits"
17,"Salcano",19,"Salcano Sakarya BB Team"
18,"Author",19,"Elkov - Author Cycling Team ,  Voster ATS Team"
19,"Merckx",18,"AG2R La Mondiale ,  Sovac  ,  Sport Vlaanderen - Baloise"
20,"Trek",17,"ColoQuick ,  Trek - Segafredo"
21,"Koga",17,"BEAT Cycling Club  ,  SEG Racing Academy"
22,"BMC",16,"Arapahoe - Hincapie p/b BMC ,  Metec - TKH Continental Cyclingteam p/b Mantel ,  Swiss Racing Academy ,  Team Dimension Data"
23,"Wilier",16,"Direct Energie ,  Team Total Direct Energie"
24,"Look",15,"Delko Marseille Provence ,  Hengxiang Cycling Team"
25,"Winspace",14,"Minsk Cycling Club"
26,"Guerciotti",13,"Bardiani - CSF ,  EvoPro Racing ,  Guerciotti - Kiwi Atlántico"
27,"Fuji",12,"Maloja Pushbikers ,  St Michel - Auber93 ,  Team UKYO"
28,"Berria",12,"Medellin"
29,"Focus",12,"Giotti Victoria - Palomar ,  Matrix Powertag"
30,"SwiftCarbon",12,"W52 / FC Porto"
31,"KTM",11,"Neri Sottoli - Selle Italia - KTM ,  Sporting Clube de Portugal/Tavira ,  Tirol KTM Cycling Team"
32,"Wibatech",9,"Wibatech Merx 7R"
33,"Cube",8,"Wanty - Gobert Cycling Team"
34,"BH",8,"Burgos-BH ,  Team Arkéa Samsic"
35,"Zannata",8,"Tarteletto - Isorex"
36,"KHS",8,"Elevate - KHS Pro Cycling"
37,"Hasa",6,"Bike Aid ,  Inteja Imca Ridea DCT"
38,"Felt",6,"Rally UHC Cycling"
39,"Yonex",5,"Kinan Cycling Team"
40,"Storck",5,"Team Go For Gold ,  Team Waoo"
41,"Dare",5,"Uno-X Norwegian Development Team"
42,"Pardus",5,"St George Continental Cycling Team"
43,"XDS",5,"Shenzhen Xidesheng Cycling Team"
44,"Jorbi",4,"Amore & Vita - Prodir"
45,"Memil",4,"Memil - CCN Pro Cycling"
46,"Factor",3,"Roompot - Charles"
47,"Gavia",3,"Joker Fuel of Norway"
48,"Gios",2,"Manzana Postobon"
49,"Gusto",2,"Ljubljana Gusto Santic"
50,"Thömus",2,"AKROS - Thömus"
51,"Hrinkow",2,"Team Hrinkow Advarics Cycleang"
52,"Bridgestone",2,"Team Bridgestone Cycling"
53,"Wiawis",2,"LX Cycling Team"
54,"Avenger",2,"Ferei Pro Cycling Team"
55,"Time",1,"303Project"
56,"Cipollini",1,"Iseo Serrature - Rime - Carnovali"
57,"Olmo",1,"Sangemini - Trevigiani - MG.Kvis"
58,"Soul",1,"São Francisco Saùde / Klabin / SME Ribeirão Preto"
59,"Simplon",1,"Team Felbermayr - Simplon Wels"
60,"Python",1,"BHS - Almeborg-Bornholm"
61,"Cello",1,"Geumsan Insam Cello"
62,"Ribble",1,"Ribble Pro Cycling"
63,"Benotti",1,"P&S Metalltechnik"
1,"Specialized",20,"BORA - hansgrohe ,  Deceuninck - Quick Step"
2,"Canyon",12,"Alpecin-Fenix ,  Canyon dhb p/b Soreen ,  Movistar Team ,  Team Arkéa Samsic"
3,"Colnago",11,"UAE-Team Emirates"
4,"Argon 18",11,"Natura4Ever - Roubaix Lille Métropole ,  Team BridgeLane ,  Terengganu Inc. TSG Cycling Team ,  Vino - Astana Motors"
5,"Cannondale",10,"ACA Pro Racing Sunshine Coast ,  EF Pro Cycling"
6,"Wilier",9,"Astana Pro Team ,  Team Total Direct Energie"
7,"Trek",8,"Mazowsze Serce Polski ,  Trek - Segafredo"
8,"Cervélo",8,"Team Sapura Cycling ,  Team Sunweb"
9,"SCOTT",8,"Mitchelton-Scott"
10,"BMC",6,"NTT Pro Cycling"
11,"Bianchi",5,"Jumbo-Visma Development Team ,  Team Jumbo-Visma"
12,"Merida",5,"Bahrain - McLaren"
13,"Look",5,"NIPPO DELKO One Provence"
14,"Ridley",4,"Lotto Soudal"
15,"Dare",4,"SEG Racing Academy ,  Uno-X Norwegian Development Team"
16,"Pinarello",3,"Black Spoke Pro Cycling Academy ,  Team INEOS"
17,"Factor",3,"Israel Start-Up Nation"
18,"De Rosa",3,"Caja Rural - Seguros RGA ,  Cofidis, Solutions Crédits"
19,"Gavia",3,"Joker Fuel of Norway"
20,"KHS",3,"Elevate - Webiplex Pro Cycling"
21,"Cube",2,"Circus - Wanty Gobert"
22,"Merckx",2,"AG2R La Mondiale"
23,"Pardus",2,"St George Continental Cycling Team"
24,"Lapierre",1,"Groupama - FDJ"
25,"KTM",1,"B&B Hotels - Vital Concept p/b KTM"
26,"Guerciotti",1,"Bardiani-CSF-Faizanè"
27,"Berria",1,"Team Medellin"
28,"Salcano",1,"Salcano Sakarya BB Team"
29,"Simplon",1,"Team Felbermayr - Simplon Wels"
30,"Storck",1,"Team Go For Gold"
31,"Winspace",1,"Minsk Cycling Club"
