Pos.,No.,Name,RName,Team,Ht.m,Wt.kg,BMI,KPmin,Avg..Speed,z.BMI,z.Speed
G,7,Jaylen Brown,J. Brown,BOS,1.98,100,25.51,2310,4.29,0.61,0.22
G,7,Jaylen Brown,J. Brown,All,1.98,100,25.51,2310,4.29,0.61,0.22
F,20,Gordon Hayward,G. Hayward,BOS,2.03,102,24.75,1860,4.42,0.12,0.88
F,20,Gordon Hayward,G. Hayward,All,2.03,102,24.75,1860,4.42,0.12,0.88
C,11,Enes Kanter,E. Kanter,BOS,2.08,113,26.12,1848,4.08,1,-0.85
C,11,Enes Kanter,E. Kanter,All,2.08,113,26.12,1848,4.08,1,-0.85
F,37,Semi Ojeleye,S. Ojeleye,BOS,1.98,109,27.8,624,4.38,2.08,0.68
F,37,Semi Ojeleye,S. Ojeleye,All,1.98,109,27.8,624,4.38,2.08,0.68
G,36,Marcus Smart,M. Smart,BOS,1.91,100,27.41,2280,4.09,1.83,-0.8
G,36,Marcus Smart,M. Smart,All,1.91,100,27.41,2280,4.09,1.83,-0.8
F,0,Jayson Tatum,J. Tatum,BOS,2.03,95,23.05,2496,4.13,-0.97,-0.6
F,0,Jayson Tatum,J. Tatum,All,2.03,95,23.05,2496,4.13,-0.97,-0.6
F,27,Daniel Theis,D. Theis,BOS,2.03,110,26.69,1155,4.19,1.37,-0.29
F,27,Daniel Theis,D. Theis,All,2.03,110,26.69,1155,4.19,1.37,-0.29
G,8,Kemba Walker,K. Walker,BOS,1.83,83,24.78,2652,4.13,0.14,-0.6
G,8,Kemba Walker,K. Walker,All,1.83,83,24.78,2652,4.13,0.14,-0.6
G,9,Brad Wanamaker,B. Wanamaker,BOS,1.91,95,26.04,780,4.27,0.95,0.12
G,9,Brad Wanamaker,B. Wanamaker,All,1.91,95,26.04,780,4.27,0.95,0.12
F/C,44,Robert Williams III,R. Williams III,BOS,2.03,116,28.15,936,4.11,2.31,-0.7
F/C,44,Robert Williams III,R. Williams III,All,2.03,116,28.15,936,4.11,2.31,-0.7
C,31,Jarrett Allen,J. Allen,BRK,2.11,110,24.71,1872,4.23,0.09,-0.09
C,31,Jarrett Allen,J. Allen,All,2.11,110,24.71,1872,4.23,0.09,-0.09
F,21,Wilson Chandler,W. Chandler,BRK,2.03,107,25.97,1110,4.21,0.9,-0.19
F,21,Wilson Chandler,W. Chandler,All,2.03,107,25.97,1110,4.21,0.9,-0.19
G,8,Spencer Dinwiddie,S. Dinwiddie,BRK,1.96,98,25.51,2184,4.06,0.61,-0.96
G,8,Spencer Dinwiddie,S. Dinwiddie,All,1.96,98,25.51,2184,4.06,0.61,-0.96
G/F,12,Joe Harris,J. Harris,BRK,1.98,100,25.51,2280,4.55,0.61,1.55
G/F,12,Joe Harris,J. Harris,All,1.98,100,25.51,2280,4.55,0.61,1.55
G,11,Kyrie Irving,K. Irving,BRK,1.88,88,24.9,2475,4.11,0.22,-0.7
G,11,Kyrie Irving,K. Irving,All,1.88,88,24.9,2475,4.11,0.22,-0.7
C,6,DeAndre Jordan,D. Jordan,BRK,2.11,120,26.95,1872,3.73,1.54,-2.64
C,6,DeAndre Jordan,D. Jordan,All,2.11,120,26.95,1872,3.73,1.54,-2.64
F,0,Rodions Kurucs,R. Kurucs,BRK,2.06,103,24.27,1404,4.65,-0.19,2.06
F,0,Rodions Kurucs,R. Kurucs,All,2.06,103,24.27,1404,4.65,-0.19,2.06
G,22,Caris LeVert,C. LeVert,BRK,1.98,93,23.72,1932,4.23,-0.54,-0.09
G,22,Caris LeVert,C. LeVert,All,1.98,93,23.72,1932,4.23,-0.54,-0.09
G/F,13,Dzanan Musa,D. Musa,BRK,2.06,98,23.09,385,4.23,-0.94,-0.09
G/F,13,Dzanan Musa,D. Musa,All,2.06,98,23.09,385,4.23,-0.94,-0.09
G,0,David Nwaba,D. Nwaba,BRK,1.96,99,25.77,228,4.28,0.78,0.17
G,0,David Nwaba,D. Nwaba,All,1.96,99,25.77,228,4.28,0.78,0.17
G/F,1,Theo Pinson,T. Pinson,BRK,1.96,96,24.99,180,4.13,0.27,-0.6
G/F,1,Theo Pinson,T. Pinson,All,1.96,96,24.99,180,4.13,0.27,-0.6
F,2,Taurean Prince,T. Prince,BRK,2.01,99,24.5,2156,4.14,-0.04,-0.55
F,2,Taurean Prince,T. Prince,All,2.01,99,24.5,2156,4.14,-0.04,-0.55
G/F,17,Garrett Temple,G. Temple,BRK,1.96,88,22.91,1368,4.27,-1.06,0.12
G/F,17,Garrett Temple,G. Temple,All,1.96,88,22.91,1368,4.27,-1.06,0.12
G/F,25,Reggie Bullock,R. Bullock,NYK,2.01,93,23.02,590,4.29,-0.99,0.22
G/F,25,Reggie Bullock,R. Bullock,All,2.01,93,23.02,590,4.29,-0.99,0.22
G,21,Damyean Dotson,D. Dotson,NYK,1.98,94,23.98,234,4.27,-0.38,0.12
G,21,Damyean Dotson,D. Dotson,All,1.98,94,23.98,234,4.27,-0.38,0.12
G,2,Wayne Ellington,W. Ellington,NYK,1.96,94,24.47,924,4.28,-0.06,0.17
G,2,Wayne Ellington,W. Ellington,All,1.96,94,24.47,924,4.28,-0.06,0.17
F,67,Taj Gibson,T. Gibson,NYK,2.08,105,24.27,624,4.2,-0.19,-0.24
F,67,Taj Gibson,T. Gibson,All,2.08,105,24.27,624,4.2,-0.19,-0.24
F,20,Kevin Knox,K. Knox,NYK,2.03,98,23.78,2184,4.21,-0.5,-0.19
F,20,Kevin Knox,K. Knox,All,2.03,98,23.78,2184,4.21,-0.5,-0.19
F,13,Marcus Morris,M. Morris,NYK,2.06,99,23.33,2128,4.1,-0.79,-0.75
F,13,Marcus Morris,M. Morris,All,2.06,99,23.33,2128,4.1,-0.79,-0.75
G,11,Frank Ntilikina,F. Ntilikina,NYK,1.96,89,23.17,430,4.23,-0.9,-0.09
G,11,Frank Ntilikina,F. Ntilikina,All,1.96,89,23.17,430,4.23,-0.9,-0.09
G,6,Elfrid Payton,E. Payton,NYK,1.93,88,23.62,1752,4.35,-0.6,0.53
G,6,Elfrid Payton,E. Payton,All,1.93,88,23.62,1752,4.35,-0.6,0.53
F,1,Bobby Portis,B. Portis,NYK,2.11,116,26.06,1824,4.08,0.96,-0.85
F,1,Bobby Portis,B. Portis,All,2.11,116,26.06,1824,4.08,0.96,-0.85
F,30,Julius Randle,J. Randle,NYK,2.06,116,27.34,2340,4.01,1.78,-1.21
F,30,Julius Randle,J. Randle,All,2.06,116,27.34,2340,4.01,1.78,-1.21
C,23,Mitchell Robinson,M. Robinson,NYK,2.16,109,23.36,1872,4.18,-0.77,-0.34
C,23,Mitchell Robinson,M. Robinson,All,2.16,109,23.36,1872,4.18,-0.77,-0.34
G,5,Dennis Smith Jr.,D. Smith Jr.,NYK,1.91,93,25.49,1824,4.24,0.6,-0.04
G,5,Dennis Smith Jr.,D. Smith Jr.,All,1.91,93,25.49,1824,4.24,0.6,-0.04
G,14,Allonzo Trier,A. Trier,NYK,1.96,91,23.69,770,4.17,-0.56,-0.39
G,14,Allonzo Trier,A. Trier,All,1.96,91,23.69,770,4.17,-0.56,-0.39
F,43,Jonah Bolden,J. Bolden,PHI,2.03,100,24.27,624,4.45,-0.19,1.04
F,43,Jonah Bolden,J. Bolden,All,2.03,100,24.27,624,4.45,-0.19,1.04
G,23,Trey Burke,T. Burke,PHI,1.83,79,23.59,780,4.4,-0.62,0.78
G,23,Trey Burke,T. Burke,All,1.83,79,23.59,780,4.4,-0.62,0.78
F/C,21,Joel Embiid,J. Embiid,PHI,2.13,113,24.91,2178,3.89,0.22,-1.83
F/C,21,Joel Embiid,J. Embiid,All,2.13,113,24.91,2178,3.89,0.22,-1.83
F,12,Tobias Harris,T. Harris,PHI,2.03,107,25.97,2652,4.22,0.9,-0.14
F,12,Tobias Harris,T. Harris,All,2.03,107,25.97,2652,4.22,0.9,-0.14
F/C,42,Al Horford,A. Horford,PHI,2.06,111,26.16,2204,3.98,1.03,-1.37
F/C,42,Al Horford,A. Horford,All,2.06,111,26.16,2204,3.98,1.03,-1.37
G/F,30,Furkan Korkmaz,F. Korkmaz,PHI,2.01,86,21.29,710,4.53,-2.11,1.45
G/F,30,Furkan Korkmaz,F. Korkmaz,All,2.01,86,21.29,710,4.53,-2.11,1.45
G,18,Shake Milton,S. Milton,PHI,1.96,94,24.47,253,4.43,-0.06,0.93
G,18,Shake Milton,S. Milton,All,1.96,94,24.47,253,4.43,-0.06,0.93
G,19,Raul Neto,R. Neto,PHI,1.85,81,23.67,816,4.53,-0.58,1.45
G,19,Raul Neto,R. Neto,All,1.85,81,23.67,816,4.53,-0.58,1.45
C,9,Kyle O'Quinn,K. O'Quinn,PHI,2.06,113,26.63,624,3.93,1.33,-1.62
C,9,Kyle O'Quinn,K. O'Quinn,All,2.06,113,26.63,624,3.93,1.33,-1.62
G/F,0,Josh Richardson,J. Richardson,PHI,1.96,91,23.69,2584,4.3,-0.56,0.27
G/F,0,Josh Richardson,J. Richardson,All,1.96,91,23.69,2584,4.3,-0.56,0.27
F,1,Mike Scott,M. Scott,PHI,2.01,108,26.73,1386,4.3,1.39,0.27
F,1,Mike Scott,M. Scott,All,2.01,108,26.73,1386,4.3,1.39,0.27
G/F,25,Ben Simmons,B. Simmons,PHI,2.08,104,24.04,2244,4.17,-0.34,-0.39
G/F,25,Ben Simmons,B. Simmons,All,2.08,104,24.04,2244,4.17,-0.34,-0.39
G,8,Zhaire Smith,Z. Smith,PHI,1.91,90,24.67,720,4.58,0.07,1.7
G,8,Zhaire Smith,Z. Smith,All,1.91,90,24.67,720,4.58,0.07,1.7
F,3,OG Anunoby,O. Anunoby,TOR,2.03,105,25.48,1900,4.37,0.59,0.63
F,3,OG Anunoby,O. Anunoby,All,2.03,105,25.48,1900,4.37,0.59,0.63
C,33,Marc Gasol,M. Gasol,TOR,2.16,116,24.86,1925,3.67,0.19,-2.95
C,33,Marc Gasol,M. Gasol,All,2.16,116,24.86,1925,3.67,0.19,-2.95
F,4,Rondae Hollis-Jefferson,R. Hollis-Jefferson,TOR,2.01,98,24.26,1155,4.32,-0.2,0.37
F,4,Rondae Hollis-Jefferson,R. Hollis-Jefferson,All,2.01,98,24.26,1155,4.32,-0.2,0.37
F/C,9,Serge Ibaka,S. Ibaka,TOR,2.08,107,24.73,1872,4,0.11,-1.26
F/C,9,Serge Ibaka,S. Ibaka,All,2.08,107,24.73,1872,4,0.11,-1.26
F,5,Stanley Johnson,S. Johnson,TOR,2.01,111,27.47,1386,4.27,1.87,0.12
F,5,Stanley Johnson,S. Johnson,All,2.01,111,27.47,1386,4.27,1.87,0.12
G,7,Kyle Lowry,K. Lowry,TOR,1.83,89,26.58,2475,3.95,1.29,-1.52
G,7,Kyle Lowry,K. Lowry,All,1.83,89,26.58,2475,3.95,1.29,-1.52
G,22,Patrick McCaw,P. McCaw,TOR,2.01,84,20.79,1520,4.25,-2.42,0.01
G,22,Patrick McCaw,P. McCaw,All,2.01,84,20.79,1520,4.25,-2.42,0.01
G/F,24,Norman Powell,N. Powell,TOR,1.93,98,26.31,1848,4.38,1.12,0.68
G/F,24,Norman Powell,N. Powell,All,1.93,98,26.31,1848,4.38,1.12,0.68
F,43,Pascal Siakam,P. Siakam,TOR,2.06,104,24.51,2574,4.36,-0.04,0.58
F,43,Pascal Siakam,P. Siakam,All,2.06,104,24.51,2574,4.36,-0.04,0.58
G,23,Fred VanVleet,F. VanVleet,TOR,1.83,88,26.28,2156,4.36,1.1,0.58
G,23,Fred VanVleet,F. VanVleet,All,1.83,88,26.28,2156,4.36,1.1,0.58
G,51,Ryan Arcidiacono,R. Arcidiacono,CHI,1.91,91,24.94,1092,4.45,0.25,1.04
G,51,Ryan Arcidiacono,R. Arcidiacono,All,1.91,91,24.94,1092,4.45,0.25,1.04
G,32,Kris Dunn,K. Dunn,CHI,1.93,93,24.97,1562,4.28,0.26,0.17
G,32,Kris Dunn,K. Dunn,All,1.93,93,24.97,1562,4.28,0.26,0.17
F/C,6,Cristiano Felicio,C. Felicio,CHI,2.08,120,27.74,390,4.26,2.04,0.07
F/C,6,Cristiano Felicio,C. Felicio,All,2.08,120,27.74,390,4.26,2.04,0.07
G,3,Shaquille Harrison,S. Harrison,CHI,1.93,86,23.09,390,4.64,-0.95,2.01
G,3,Shaquille Harrison,S. Harrison,All,1.93,86,23.09,390,4.64,-0.95,2.01
F,15,Chandler Hutchison,C. Hutchison,CHI,2.01,89,22.03,684,4.49,-1.63,1.24
F,15,Chandler Hutchison,C. Hutchison,All,2.01,89,22.03,684,4.49,-1.63,1.24
C,2,Luke Kornet,L. Kornet,CHI,2.16,113,24.22,624,4.24,-0.22,-0.04
C,2,Luke Kornet,L. Kornet,All,2.16,113,24.22,624,4.24,-0.22,-0.04
G,8,Zach LaVine,Z. LaVine,CHI,1.96,91,23.69,1972,4.43,-0.56,0.93
G,8,Zach LaVine,Z. LaVine,All,1.96,91,23.69,1972,4.43,-0.56,0.93
F,24,Lauri Markkanen,L. Markkanen,CHI,2.13,109,24.03,2400,4.2,-0.34,-0.24
F,24,Lauri Markkanen,L. Markkanen,All,2.13,109,24.03,2400,4.2,-0.34,-0.24
G/F,31,Tomas Satoransky,T. Satoransky,CHI,2.01,95,23.51,1716,4.5,-0.67,1.29
G/F,31,Tomas Satoransky,T. Satoransky,All,2.01,95,23.51,1716,4.5,-0.67,1.29
F,21,Thaddeus Young,T. Young,CHI,2.03,100,24.27,2106,4.2,-0.19,-0.24
F,21,Thaddeus Young,T. Young,All,2.03,100,24.27,2106,4.2,-0.19,-0.24
G,8,Jordan Clarkson,J. Clarkson,CLE,1.96,88,22.91,1872,4.28,-1.06,0.17
G,8,Jordan Clarkson,J. Clarkson,All,1.96,88,22.91,1872,4.28,-1.06,0.17
G,18,Matthew Dellavedova,M. Dellavedova,CLE,1.93,91,24.43,840,4.2,-0.08,-0.24
G,18,Matthew Dellavedova,M. Dellavedova,All,1.93,91,24.43,840,4.2,-0.08,-0.24
F/C,31,John Henson,J. Henson,CLE,2.11,99,22.24,804,4.27,-1.49,0.12
F/C,31,John Henson,J. Henson,All,2.11,99,22.24,804,4.27,-1.49,0.12
G,20,Brandon Knight,B. Knight,CLE,1.91,88,24.12,529,4.23,-0.28,-0.09
G,20,Brandon Knight,B. Knight,All,1.91,88,24.12,529,4.23,-0.28,-0.09
F/C,0,Kevin Love,K. Love,CLE,2.08,114,26.35,1680,4.01,1.15,-1.21
F/C,0,Kevin Love,K. Love,All,2.08,114,26.35,1680,4.01,1.15,-1.21
F,22,Larry Nance Jr.,L. Nance Jr.,CLE,2.06,104,24.51,1850,4.13,-0.04,-0.6
F,22,Larry Nance Jr.,L. Nance Jr.,All,2.06,104,24.51,1850,4.13,-0.04,-0.6
F,16,Cedi Osman,C. Osman,CLE,2.03,98,23.78,2340,4.13,-0.5,-0.6
F,16,Cedi Osman,C. Osman,All,2.03,98,23.78,2340,4.13,-0.5,-0.6
G,2,Collin Sexton,C. Sexton,CLE,1.88,86,24.33,2418,4.14,-0.15,-0.55
G,2,Collin Sexton,C. Sexton,All,1.88,86,24.33,2418,4.14,-0.15,-0.55
F/C,13,Tristan Thompson,T. Thompson,CLE,2.08,108,24.96,1680,4.15,0.26,-0.5
F/C,13,Tristan Thompson,T. Thompson,All,2.08,108,24.96,1680,4.15,0.26,-0.5
C,41,Ante Zizic,A. Zizic,CLE,2.11,115,25.83,1404,4,0.82,-1.26
C,41,Ante Zizic,A. Zizic,All,2.11,115,25.83,1404,4,0.82,-1.26
G,6,Bruce Brown,B. Brown,DET,1.96,92,23.95,1560,4.46,-0.39,1.09
G,6,Bruce Brown,B. Brown,All,1.96,92,23.95,1560,4.46,-0.39,1.09
C,0,Andre Drummond,A. Drummond,DET,2.11,127,28.53,2574,3.94,2.55,-1.57
C,0,Andre Drummond,A. Drummond,All,2.11,127,28.53,2574,3.94,2.55,-1.57
G,12,Tim Frazier,T. Frazier,DET,1.85,77,22.5,624,4.37,-1.33,0.63
G,12,Tim Frazier,T. Frazier,All,1.85,77,22.5,624,4.37,-1.33,0.63
G,9,Langston Galloway,L. Galloway,DET,1.88,91,25.75,1716,4.4,0.76,0.78
G,9,Langston Galloway,L. Galloway,All,1.88,91,25.75,1716,4.4,0.76,0.78
F,23,Blake Griffin,B. Griffin,DET,2.08,113,26.12,2590,3.71,1,-2.75
F,23,Blake Griffin,B. Griffin,All,2.08,113,26.12,2590,3.71,1,-2.75
G,1,Reggie Jackson,R. Jackson,DET,1.91,94,25.77,1988,4.2,0.77,-0.24
G,1,Reggie Jackson,R. Jackson,All,1.91,94,25.77,1988,4.2,0.77,-0.24
G,5,Luke Kennard,L. Kennard,DET,1.96,93,24.21,2002,4.25,-0.23,0.01
G,5,Luke Kennard,L. Kennard,All,1.96,93,24.21,2002,4.25,-0.23,0.01
F,7,Thon Maker,T. Maker,DET,2.16,100,21.43,936,4.45,-2.01,1.04
F,7,Thon Maker,T. Maker,All,2.16,100,21.43,936,4.45,-2.01,1.04
F,8,Markieff Morris,M. Morris,DET,2.08,111,25.66,1520,3.84,0.7,-2.08
F,8,Markieff Morris,M. Morris,All,2.08,111,25.66,1520,3.84,0.7,-2.08
F,19,Svi Mykhailiuk,S. Mykhailiuk,DET,2.03,93,22.57,234,4.46,-1.28,1.09
F,19,Svi Mykhailiuk,S. Mykhailiuk,All,2.03,93,22.57,234,4.46,-1.28,1.09
G,25,Derrick Rose,D. Rose,DET,1.91,91,24.94,1596,4.18,0.25,-0.34
G,25,Derrick Rose,D. Rose,All,1.91,91,24.94,1596,4.18,0.25,-0.34
G,17,Tony Snell,T. Snell,DET,2.01,97,24.01,1950,4.2,-0.36,-0.24
G,17,Tony Snell,T. Snell,All,2.01,97,24.01,1950,4.2,-0.36,-0.24
G,13,Khyri Thomas,K. Thomas,DET,1.91,95,26.04,156,4.51,0.95,1.34
G,13,Khyri Thomas,K. Thomas,All,1.91,95,26.04,156,4.51,0.95,1.34
G,7,Malcolm Brogdon,M. Brogdon,IND,1.96,104,27.07,2044,4.25,1.61,0.01
G,7,Malcolm Brogdon,M. Brogdon,All,1.96,104,27.07,2044,4.25,1.61,0.01
G,3,Aaron Holiday,A. Holiday,IND,1.85,84,24.54,1404,4.35,-0.01,0.53
G,3,Aaron Holiday,A. Holiday,All,1.85,84,24.54,1404,4.35,-0.01,0.53
G/F,8,Justin Holiday,J. Holiday,IND,1.98,82,20.92,2184,4.37,-2.34,0.63
G/F,8,Justin Holiday,J. Holiday,All,1.98,82,20.92,2184,4.37,-2.34,0.63
F,24,Alize Johnson,A. Johnson,IND,2.06,96,22.62,156,4.41,-1.25,0.83
F,24,Alize Johnson,A. Johnson,All,2.06,96,22.62,156,4.41,-1.25,0.83
G,26,Jeremy Lamb,J. Lamb,IND,1.96,84,21.87,2156,4.35,-1.73,0.53
G,26,Jeremy Lamb,J. Lamb,All,1.96,84,21.87,2156,4.35,-1.73,0.53
F,22,TJ Leaf,T. Leaf,IND,2.08,102,23.58,390,4.4,-0.63,0.78
F,22,TJ Leaf,T. Leaf,All,2.08,102,23.58,390,4.4,-0.63,0.78
G,9,T.J. McConnell,T. McConnell,IND,1.88,86,24.33,1170,4.7,-0.15,2.32
G,9,T.J. McConnell,T. McConnell,All,1.88,86,24.33,1170,4.7,-0.15,2.32
F,20,Doug McDermott,D. McDermott,IND,2.03,102,24.75,1304,4.56,0.12,1.6
F,20,Doug McDermott,D. McDermott,All,2.03,102,24.75,1304,4.56,0.12,1.6
G,4,Victor Oladipo,V. Oladipo,IND,1.93,95,25.5,1372,4.28,0.61,0.17
G,4,Victor Oladipo,V. Oladipo,All,1.93,95,25.5,1372,4.28,0.61,0.17
F,11,Domantas Sabonis,D. Sabonis,IND,2.11,109,24.48,2340,4.23,-0.05,-0.09
F,11,Domantas Sabonis,D. Sabonis,All,2.11,109,24.48,2340,4.23,-0.05,-0.09
G,5,Edmond Sumner,E. Sumner,IND,1.98,80,20.41,360,4.42,-2.67,0.88
G,5,Edmond Sumner,E. Sumner,All,1.98,80,20.41,360,4.42,-2.67,0.88
F/C,33,Myles Turner,M. Turner,IND,2.11,113,25.38,2310,4.07,0.53,-0.91
F/C,33,Myles Turner,M. Turner,All,2.11,113,25.38,2310,4.07,0.53,-0.91
F,1,T.J. Warren,T. Warren,IND,2.03,98,23.78,2100,4.18,-0.5,-0.34
F,1,T.J. Warren,T. Warren,All,2.03,98,23.78,2100,4.18,-0.5,-0.34
F,34,Giannis Antetokounmpo,G. Antetokounmpo,MIL,2.11,110,24.71,2618,4.17,0.09,-0.39
F,34,Giannis Antetokounmpo,G. Antetokounmpo,All,2.11,110,24.71,2618,4.17,0.09,-0.39
G,6,Eric Bledsoe,E. Bledsoe,MIL,1.85,93,27.17,2184,4.26,1.68,0.07
G,6,Eric Bledsoe,E. Bledsoe,All,1.85,93,27.17,2184,4.26,1.68,0.07
G,23,Sterling Brown,S. Brown,MIL,1.98,105,26.78,1560,4.43,1.43,0.93
G,23,Sterling Brown,S. Brown,All,1.98,105,26.78,1560,4.43,1.43,0.93
G,24,Pat Connaughton,P. Connaughton,MIL,1.93,95,25.5,1560,4.35,0.61,0.53
G,24,Pat Connaughton,P. Connaughton,All,1.93,95,25.5,1560,4.35,0.61,0.53
G,0,Donte DiVincenzo,D. DiVincenzo,MIL,1.93,92,24.7,600,4.46,0.09,1.09
G,0,Donte DiVincenzo,D. DiVincenzo,All,1.93,92,24.7,600,4.46,0.09,1.09
G,3,George Hill,G. Hill,MIL,1.91,85,23.3,1584,4.25,-0.81,0.01
G,3,George Hill,G. Hill,All,1.91,85,23.3,1584,4.25,-0.81,0.01
F,7,Ersan Ilyasova,E. Ilyasova,MIL,2.08,107,24.73,1001,4.2,0.11,-0.24
F,7,Ersan Ilyasova,E. Ilyasova,All,2.08,107,24.73,1001,4.2,0.11,-0.24
G/F,26,Kyle Korver,K. Korver,MIL,2.01,96,23.76,616,4.44,-0.51,0.99
G/F,26,Kyle Korver,K. Korver,All,2.01,96,23.76,616,4.44,-0.51,0.99
C,11,Brook Lopez,B. Lopez,MIL,2.13,122,26.89,2184,3.93,1.5,-1.62
C,11,Brook Lopez,B. Lopez,All,2.13,122,26.89,2184,3.93,1.5,-1.62
C,42,Robin Lopez,R. Lopez,MIL,2.13,125,27.55,1404,4.09,1.92,-0.8
C,42,Robin Lopez,R. Lopez,All,2.13,125,27.55,1404,4.09,1.92,-0.8
G/F,9,Wesley Matthews,W. Matthews,MIL,1.96,100,26.03,1332,4.14,0.94,-0.55
G/F,9,Wesley Matthews,W. Matthews,All,1.96,100,26.03,1332,4.14,0.94,-0.55
F,22,Khris Middleton,K. Middleton,MIL,2.03,101,24.51,2190,4.26,-0.03,0.07
F,22,Khris Middleton,K. Middleton,All,2.03,101,24.51,2190,4.26,-0.03,0.07
F,5,D.J. Wilson,D. Wilson,MIL,2.08,105,24.27,616,4.51,-0.19,1.34
F,5,D.J. Wilson,D. Wilson,All,2.08,105,24.27,616,4.51,-0.19,1.34
G/F,15,Vince Carter,V. Carter,ATL,1.98,100,25.51,616,4.02,0.61,-1.16
G/F,15,Vince Carter,V. Carter,All,1.98,100,25.51,616,4.02,0.61,-1.16
F,20,John Collins,J. Collins,ATL,2.08,107,24.73,2310,4.3,0.11,0.27
F,20,John Collins,J. Collins,All,2.08,107,24.73,2310,4.3,0.11,0.27
G/F,33,Allen Crabbe,A. Crabbe,ATL,1.98,96,24.49,1110,4.24,-0.05,-0.04
G/F,33,Allen Crabbe,A. Crabbe,All,1.98,96,24.49,1110,4.24,-0.05,-0.04
C,0,Brandon Goodwin,B. Goodwin,ATL,1.88,82,23.2,390,4.38,-0.88,0.68
C,0,Brandon Goodwin,B. Goodwin,All,1.88,82,23.2,390,4.38,-0.88,0.68
G,3,Kevin Huerter,K. Huerter,ATL,2.01,86,21.29,2106,4.41,-2.11,0.83
G,3,Kevin Huerter,K. Huerter,All,2.01,86,21.29,2106,4.41,-2.11,0.83
C,30,Damian Jones,D. Jones,ATL,2.13,111,24.47,1260,4.33,-0.06,0.42
C,30,Damian Jones,D. Jones,All,2.13,111,24.47,1260,4.33,-0.06,0.42
C,25,Alex Len,A. Len,ATL,2.16,113,24.22,1716,4.23,-0.22,-0.09
C,25,Alex Len,A. Len,All,2.16,113,24.22,1716,4.23,-0.22,-0.09
F,5,Jabari Parker,J. Parker,ATL,2.03,111,26.94,1560,4.32,1.53,0.37
F,5,Jabari Parker,J. Parker,All,2.03,111,26.94,1560,4.32,1.53,0.37
F,31,Chandler Parsons,C. Parsons,ATL,2.08,104,24.04,344,4.04,-0.34,-1.06
F,31,Chandler Parsons,C. Parsons,All,2.08,104,24.04,344,4.04,-0.34,-1.06
G/F,1,Evan Turner,E. Turner,ATL,2.01,100,24.75,1386,4.02,0.12,-1.16
G/F,1,Evan Turner,E. Turner,All,2.01,100,24.75,1386,4.02,0.12,-1.16
G,11,Trae Young,T. Young,ATL,1.88,82,23.2,2496,4.37,-0.88,0.63
G,11,Trae Young,T. Young,All,1.88,82,23.2,2496,4.37,-0.88,0.63
G/F,7,Dwayne Bacon,D. Bacon,CHA,2.01,100,24.75,1716,4.06,0.12,-0.96
G/F,7,Dwayne Bacon,D. Bacon,All,2.01,100,24.75,1716,4.06,0.12,-0.96
G/F,5,Nicolas Batum,N. Batum,CHA,2.03,91,22.08,2156,4.33,-1.59,0.42
G/F,5,Nicolas Batum,N. Batum,All,2.03,91,22.08,2156,4.33,-1.59,0.42
C,8,Bismack Biyombo,B. Biyombo,CHA,2.06,116,27.34,936,4.21,1.78,-0.19
C,8,Bismack Biyombo,B. Biyombo,All,2.06,116,27.34,936,4.21,1.78,-0.19
F,0,Miles Bridges,M. Bridges,CHA,2.01,102,25.25,2184,4.39,0.44,0.73
F,0,Miles Bridges,M. Bridges,All,2.01,102,25.25,2184,4.39,0.44,0.73
G,4,Devonte' Graham,D. Graham,CHA,1.88,84,23.77,1404,4.32,-0.51,0.37
G,4,Devonte' Graham,D. Graham,All,1.88,84,23.77,1404,4.32,-0.51,0.37
C,9,Willy Hernangomez,W. Hernangomez,CHA,2.11,109,24.48,936,4.38,-0.05,0.68
C,9,Willy Hernangomez,W. Hernangomez,All,2.11,109,24.48,936,4.38,-0.05,0.68
F,14,Michael Kidd-Gilchrist,M. Kidd-Gilchrist,CHA,2.01,105,25.99,1092,4.35,0.92,0.53
F,14,Michael Kidd-Gilchrist,M. Kidd-Gilchrist,All,2.01,105,25.99,1092,4.35,0.92,0.53
G,1,Malik Monk,M. Monk,CHA,1.91,91,24.94,1716,4.34,0.25,0.47
G,1,Malik Monk,M. Monk,All,1.91,91,24.94,1716,4.34,0.25,0.47
G,3,Terry Rozier,T. Rozier,CHA,1.85,86,25.13,2340,4.41,0.36,0.83
G,3,Terry Rozier,T. Rozier,All,1.85,86,25.13,2340,4.41,0.36,0.83
F,2,Marvin Williams,M. Williams,CHA,2.06,108,25.45,1716,4.06,0.57,-0.96
F,2,Marvin Williams,M. Williams,All,2.06,108,25.45,1716,4.06,0.57,-0.96
F/C,40,Cody Zeller,C. Zeller,CHA,2.13,109,24.03,1525,4.43,-0.34,0.93
F/C,40,Cody Zeller,C. Zeller,All,2.13,109,24.03,1525,4.43,-0.34,0.93
F/C,13,Bam Adebayo,B. Adebayo,MIA,2.08,116,26.81,2184,4.11,1.45,-0.7
F/C,13,Bam Adebayo,B. Adebayo,All,2.08,116,26.81,2184,4.11,1.45,-0.7
G/F,22,Jimmy Butler,J. Butler,MIA,2.03,105,25.48,2550,4.32,0.59,0.37
G/F,22,Jimmy Butler,J. Butler,All,2.03,105,25.48,2550,4.32,0.59,0.37
G,7,Goran Dragic,G. Dragic,MIA,1.91,86,23.57,2016,4.35,-0.64,0.53
G,7,Goran Dragic,G. Dragic,All,1.91,86,23.57,2016,4.35,-0.64,0.53
F,40,Udonis Haslem,U. Haslem,MIA,2.03,107,25.97,156,3.82,0.9,-2.18
F,40,Udonis Haslem,U. Haslem,All,2.03,107,25.97,156,3.82,0.9,-2.18
F,16,James Johnson,J. Johnson,MIA,2.03,109,26.45,1140,4.06,1.21,-0.96
F,16,James Johnson,J. Johnson,All,2.03,109,26.45,1140,4.06,1.21,-0.96
F/C,0,Meyers Leonard,M. Leonard,MIA,2.16,116,24.86,1170,3.89,0.19,-1.83
F/C,0,Meyers Leonard,M. Leonard,All,2.16,116,24.86,1170,3.89,0.19,-1.83
F,9,Kelly Olynyk,K. Olynyk,MIA,2.13,109,24.03,1950,4.26,-0.34,0.07
F,9,Kelly Olynyk,K. Olynyk,All,2.13,109,24.03,1950,4.26,-0.34,0.07
F,55,Duncan Robinson,D. Robinson,MIA,2.03,95,23.05,390,4.47,-0.97,1.14
F,55,Duncan Robinson,D. Robinson,All,2.03,95,23.05,390,4.47,-0.97,1.14
G,11,Dion Waiters,D. Waiters,MIA,1.93,98,26.31,1512,3.88,1.12,-1.88
G,11,Dion Waiters,D. Waiters,All,1.93,98,26.31,1512,3.88,1.12,-1.88
G/F,20,Justise Winslow,J. Winslow,MIA,2.01,102,25.25,1920,4.19,0.44,-0.29
G/F,20,Justise Winslow,J. Winslow,All,2.01,102,25.25,1920,4.19,0.44,-0.29
F,2,Al-Farouq Aminu,A. Aminu,ORL,2.06,100,23.56,1900,4.25,-0.64,0.01
F,2,Al-Farouq Aminu,A. Aminu,All,2.06,100,23.56,1900,4.25,-0.64,0.01
G,14,D.J. Augustin,D. Augustin,ORL,1.83,83,24.78,2184,4.17,0.14,-0.39
G,14,D.J. Augustin,D. Augustin,All,1.83,83,24.78,2184,4.17,0.14,-0.39
C,24,Khem Birch,K. Birch,ORL,2.06,100,23.56,624,4.19,-0.64,-0.29
C,24,Khem Birch,K. Birch,All,2.06,100,23.56,624,4.19,-0.64,-0.29
G,7,Michael Carter-Williams,M. Carter-Williams,ORL,1.98,86,21.94,584,4.46,-1.69,1.09
G,7,Michael Carter-Williams,M. Carter-Williams,All,1.98,86,21.94,584,4.46,-1.69,1.09
G/F,10,Evan Fournier,E. Fournier,ORL,2.01,93,23.02,2356,4.34,-0.99,0.47
G/F,10,Evan Fournier,E. Fournier,All,2.01,93,23.02,2356,4.34,-0.99,0.47
G,20,Markelle Fultz,M. Fultz,ORL,1.93,91,24.43,1100,4.64,-0.08,2.01
G,20,Markelle Fultz,M. Fultz,All,1.93,91,24.43,1100,4.64,-0.08,2.01
F,0,Aaron Gordon,A. Gordon,ORL,2.06,100,23.56,2618,4.28,-0.64,0.17
F,0,Aaron Gordon,A. Gordon,All,2.06,100,23.56,2618,4.28,-0.64,0.17
F,1,Jonathan Isaac,J. Isaac,ORL,2.08,95,21.96,2016,4.43,-1.67,0.93
F,1,Jonathan Isaac,J. Isaac,All,2.08,95,21.96,2016,4.43,-1.67,0.93
G/F,8,Terrence Ross,T. Ross,ORL,2.01,93,23.02,1872,4.31,-0.99,0.32
G/F,8,Terrence Ross,T. Ross,All,2.01,93,23.02,1872,4.31,-0.99,0.32
C,9,Nikola Vucevic,N. Vucevic,ORL,2.13,118,26.01,2356,3.92,0.93,-1.67
C,9,Nikola Vucevic,N. Vucevic,All,2.13,118,26.01,2356,3.92,0.93,-1.67
G,3,Bradley Beal,B. Beal,WAS,1.96,94,24.47,2808,4.19,-0.06,-0.29
G,3,Bradley Beal,B. Beal,All,1.96,94,24.47,2808,4.19,-0.06,-0.29
F,42,Davis Bertans,D. Bertans,WAS,2.08,102,23.58,1950,4.51,-0.63,1.34
F,42,Davis Bertans,D. Bertans,All,2.08,102,23.58,1950,4.51,-0.63,1.34
G,17,Isaac Bonga,I. Bonga,WAS,2.03,82,19.9,780,4.42,-3,0.88
G,17,Isaac Bonga,I. Bonga,All,2.03,82,19.9,780,4.42,-3,0.88
C,13,Thomas Bryant,T. Bryant,WAS,2.11,112,25.16,1950,4.22,0.38,-0.14
C,13,Thomas Bryant,T. Bryant,All,2.11,112,25.16,1950,4.22,0.38,-0.14
G,9,Chris Chiozza,C. Chiozza,WAS,1.83,79,23.59,156,4.28,-0.62,0.17
G,9,Chris Chiozza,C. Chiozza,All,1.83,79,23.59,156,4.28,-0.62,0.17
C,28,Ian Mahinmi,I. Mahinmi,WAS,2.11,119,26.73,275,4.18,1.39,-0.34
C,28,Ian Mahinmi,I. Mahinmi,All,2.11,119,26.73,275,4.18,1.39,-0.34
G,52,Jordan McRae,J. McRae,WAS,1.96,81,21.08,536,3.94,-2.23,-1.57
G,52,Jordan McRae,J. McRae,All,1.96,81,21.08,536,3.94,-2.23,-1.57
G,4,Isaiah Thomas,I. Thomas,WAS,1.75,84,27.43,1296,4.02,1.84,-1.16
G,4,Isaiah Thomas,I. Thomas,All,1.75,84,27.43,1296,4.02,1.84,-1.16
C,21,Moritz Wagner,M. Wagner,WAS,2.11,111,24.93,1575,4.23,0.24,-0.09
C,21,Moritz Wagner,M. Wagner,All,2.11,111,24.93,1575,4.23,0.24,-0.09
G/F,45,Ryan Broekhoff,R. Broekhoff,DAL,2.01,98,24.26,234,4.39,-0.2,0.73
G/F,45,Ryan Broekhoff,R. Broekhoff,All,2.01,98,24.26,234,4.39,-0.2,0.73
G,13,Jalen Brunson,J. Brunson,DAL,1.91,86,23.57,1716,4.45,-0.64,1.04
G,13,Jalen Brunson,J. Brunson,All,1.91,86,23.57,1716,4.45,-0.64,1.04
G,30,Seth Curry,S. Curry,DAL,1.88,84,23.77,1293,4.18,-0.51,-0.34
G,30,Seth Curry,S. Curry,All,1.88,84,23.77,1293,4.18,-0.51,-0.34
G,77,Luka Doncic,L. Doncic,DAL,2.01,99,24.5,2496,4.06,-0.04,-0.96
G,77,Luka Doncic,L. Doncic,All,2.01,99,24.5,2496,4.06,-0.04,-0.96
F,10,Dorian Finney-Smith,D. Finney-Smith,DAL,2.03,100,24.27,1440,4.34,-0.19,0.47
F,10,Dorian Finney-Smith,D. Finney-Smith,All,2.03,100,24.27,1440,4.34,-0.19,0.47
G,11,Tim Hardaway Jr.,T. Hardaway Jr.,DAL,1.98,93,23.72,2250,4.1,-0.54,-0.75
G,11,Tim Hardaway Jr.,T. Hardaway Jr.,All,1.98,93,23.72,2250,4.1,-0.54,-0.75
F,42,Maxi Kleber,M. Kleber,DAL,2.11,109,24.48,1872,4.14,-0.05,-0.55
F,42,Maxi Kleber,M. Kleber,All,2.11,109,24.48,1872,4.14,-0.05,-0.55
G,1,Courtney Lee,C. Lee,DAL,1.96,98,25.51,380,4.28,0.61,0.17
G,1,Courtney Lee,C. Lee,All,1.96,98,25.51,380,4.28,0.61,0.17
C,51,Boban Marjanovic,B. Marjanovic,DAL,2.21,132,27.03,780,4.08,1.58,-0.85
C,51,Boban Marjanovic,B. Marjanovic,All,2.21,132,27.03,780,4.08,1.58,-0.85
F/C,7,Dwight Powell,D. Powell,DAL,2.11,109,24.48,1950,4.27,-0.05,0.12
F/C,7,Dwight Powell,D. Powell,All,2.11,109,24.48,1950,4.27,-0.05,0.12
G,55,Delon Wright,D. Wright,DAL,1.96,83,21.61,1825,4.5,-1.9,1.29
G,55,Delon Wright,D. Wright,All,1.96,83,21.61,1825,4.5,-1.9,1.29
C,15,Clint Capela,C. Capela,HOU,2.08,109,25.19,2475,4.07,0.41,-0.91
C,15,Clint Capela,C. Capela,All,2.08,109,25.19,2475,4.07,0.41,-0.91
C,19,Tyson Chandler,T. Chandler,HOU,2.16,109,23.36,924,3.9,-0.77,-1.77
C,19,Tyson Chandler,T. Chandler,All,2.16,109,23.36,924,3.9,-0.77,-1.77
F,6,Gary Clark,G. Clark,HOU,2.03,102,24.75,624,4.05,0.12,-1.01
F,6,Gary Clark,G. Clark,All,2.03,102,24.75,624,4.05,0.12,-1.01
G,10,Eric Gordon,E. Gordon,HOU,1.93,98,26.31,2432,3.75,1.12,-2.54
G,10,Eric Gordon,E. Gordon,All,1.93,98,26.31,2432,3.75,1.12,-2.54
G,13,James Harden,J. Harden,HOU,1.96,100,26.03,2808,3.63,0.94,-3.16
G,13,James Harden,J. Harden,All,1.96,100,26.03,2808,3.63,0.94,-3.16
F/C,55,Isaiah Hartenstein,I. Hartenstein,HOU,2.13,113,24.91,156,4.47,0.22,1.14
F/C,55,Isaiah Hartenstein,I. Hartenstein,All,2.13,113,24.91,156,4.47,0.22,1.14
G,25,Austin Rivers,A. Rivers,HOU,1.93,91,24.43,1900,4.05,-0.08,-1.01
G,25,Austin Rivers,A. Rivers,All,1.93,91,24.43,1900,4.05,-0.08,-1.01
F,18,Thabo Sefolosha,T. Sefolosha,HOU,2.01,100,24.75,1009,4.38,0.12,0.68
F,18,Thabo Sefolosha,T. Sefolosha,All,2.01,100,24.75,1009,4.38,0.12,0.68
G,0,Russell Westbrook,R. Westbrook,HOU,1.91,91,24.94,2730,3.97,0.25,-1.42
G,0,Russell Westbrook,R. Westbrook,All,1.91,91,24.94,2730,3.97,0.25,-1.42
G,3,Grayson Allen,G. Allen,MEM,1.96,90,23.43,1191,4.38,-0.73,0.68
G,3,Grayson Allen,G. Allen,All,1.96,90,23.43,1191,4.38,-0.73,0.68
F,1,Kyle Anderson,K. Anderson,MEM,2.06,104,24.51,1776,4.16,-0.04,-0.45
F,1,Kyle Anderson,K. Anderson,All,2.06,104,24.51,1776,4.16,-0.04,-0.45
G/F,24,Dillon Brooks,D. Brooks,MEM,1.98,100,25.51,1420,4.18,0.61,-0.34
G/F,24,Dillon Brooks,D. Brooks,All,1.98,100,25.51,1420,4.18,0.61,-0.34
F,5,Bruno Caboclo,B. Caboclo,MEM,2.06,99,23.33,1248,4.41,-0.79,0.83
F,5,Bruno Caboclo,B. Caboclo,All,2.06,99,23.33,1248,4.41,-0.79,0.83
F,99,Jae Crowder,J. Crowder,MEM,1.98,107,27.29,1560,4.15,1.76,-0.5
F,99,Jae Crowder,J. Crowder,All,1.98,107,27.29,1560,4.15,1.76,-0.5
F,44,Solomon Hill,S. Hill,MEM,2.01,102,25.25,350,4.28,0.44,0.17
F,44,Solomon Hill,S. Hill,All,2.01,102,25.25,350,4.28,0.44,0.17
F/C,13,Jaren Jackson Jr.,J. Jackson Jr.,MEM,2.11,110,24.71,2156,4.22,0.09,-0.14
F/C,13,Jaren Jackson Jr.,J. Jackson Jr.,All,2.11,110,24.71,2156,4.22,0.09,-0.14
G,21,Tyus Jones,T. Jones,MEM,1.88,89,25.18,1872,4.28,0.4,0.17
G,21,Tyus Jones,T. Jones,All,1.88,89,25.18,1872,4.28,0.4,0.17
F,0,De'Anthony Melton,D. Melton,MEM,1.93,91,24.43,340,4.42,-0.08,0.88
F,0,De'Anthony Melton,D. Melton,All,1.93,91,24.43,340,4.42,-0.08,0.88
F/C,25,Miles Plumlee,M. Plumlee,MEM,2.11,113,25.38,335,4.57,0.53,1.65
F/C,25,Miles Plumlee,M. Plumlee,All,2.11,113,25.38,335,4.57,0.53,1.65
C,17,Jonas Valanciunas,J. Valanciunas,MEM,2.13,120,26.45,2128,4.02,1.21,-1.16
C,17,Jonas Valanciunas,J. Valanciunas,All,2.13,120,26.45,2128,4.02,1.21,-1.16
G,2,Lonzo Ball,L. Ball,NOP,1.98,86,21.94,1988,4.38,-1.69,0.68
G,2,Lonzo Ball,L. Ball,All,1.98,86,21.94,1988,4.38,-1.69,0.68
F/C,22,Derrick Favors,D. Favors,NOP,2.08,120,27.74,2100,4.34,2.04,0.47
F/C,22,Derrick Favors,D. Favors,All,2.08,120,27.74,2100,4.34,2.04,0.47
G,3,Josh Hart,J. Hart,NOP,1.96,98,25.51,1694,4.33,0.61,0.42
G,3,Josh Hart,J. Hart,All,1.96,98,25.51,1694,4.33,0.61,0.42
G,11,Jrue Holiday,J. Holiday,NOP,1.93,93,24.97,2618,4.32,0.26,0.37
G,11,Jrue Holiday,J. Holiday,All,1.93,93,24.97,2618,4.32,0.26,0.37
F,14,Brandon Ingram,B. Ingram,NOP,2.06,86,20.27,2294,4.31,-2.76,0.32
F,14,Brandon Ingram,B. Ingram,All,2.06,86,20.27,2294,4.31,-2.76,0.32
G,15,Frank Jackson,F. Jackson,NOP,1.91,93,25.49,325,4.46,0.6,1.09
G,15,Frank Jackson,F. Jackson,All,1.91,93,25.49,325,4.46,0.6,1.09
G,55,E'Twaun Moore,E. Moore,NOP,1.93,87,23.36,380,4.42,-0.77,0.88
G,55,E'Twaun Moore,E. Moore,All,1.93,87,23.36,380,4.42,-0.77,0.88
C,8,Jahlil Okafor,J. Okafor,NOP,2.11,125,28.08,912,4.3,2.26,0.27
C,8,Jahlil Okafor,J. Okafor,All,2.11,125,28.08,912,4.3,2.26,0.27
G/F,34,Kenrich Williams,K. Williams,NOP,2.01,95,23.51,923,4.5,-0.67,1.29
G/F,34,Kenrich Williams,K. Williams,All,2.01,95,23.51,923,4.5,-0.67,1.29
F,12,LaMarcus Aldridge,L. Aldridge,SAS,2.11,118,26.5,2541,4.05,1.25,-1.01
F,12,LaMarcus Aldridge,L. Aldridge,All,2.11,118,26.5,2541,4.05,1.25,-1.01
G/F,18,Marco Belinelli,M. Belinelli,SAS,1.96,95,24.73,780,4.48,0.11,1.19
G/F,18,Marco Belinelli,M. Belinelli,All,1.96,95,24.73,780,4.48,0.11,1.19
F,77,DeMarre Carroll,D. Carroll,SAS,2.03,98,23.78,1824,4.04,-0.5,-1.06
F,77,DeMarre Carroll,D. Carroll,All,2.03,98,23.78,1824,4.04,-0.5,-1.06
G,10,DeMar DeRozan,D. DeRozan,SAS,2.01,100,24.75,2730,4.18,0.12,-0.34
G,10,DeMar DeRozan,D. DeRozan,All,2.01,100,24.75,2730,4.18,0.12,-0.34
G,11,Bryn Forbes,B. Forbes,SAS,1.91,86,23.57,1655,4.3,-0.64,0.27
G,11,Bryn Forbes,B. Forbes,All,1.91,86,23.57,1655,4.3,-0.64,0.27
F,22,Rudy Gay,R. Gay,SAS,2.03,104,25.24,1755,4.18,0.43,-0.34
F,22,Rudy Gay,R. Gay,All,2.03,104,25.24,1755,4.18,0.43,-0.34
F,41,Trey Lyles,T. Lyles,SAS,2.08,106,24.5,780,4.08,-0.04,-0.85
F,41,Trey Lyles,T. Lyles,All,2.08,106,24.5,780,4.08,-0.04,-0.85
C,25,Jakob Poeltl,J. Poeltl,SAS,2.13,104,22.92,1560,4.48,-1.05,1.19
C,25,Jakob Poeltl,J. Poeltl,All,2.13,104,22.92,1560,4.48,-1.05,1.19
G,4,Derrick White,D. White,SAS,1.93,86,23.09,1925,4.4,-0.95,0.78
G,4,Derrick White,D. White,All,1.93,86,23.09,1925,4.4,-0.95,0.78
G,5,Will Barton,W. Barton,DEN,1.98,86,21.94,1800,4.17,-1.69,-0.39
G,5,Will Barton,W. Barton,All,1.98,86,21.94,1800,4.17,-1.69,-0.39
G,25,Malik Beasley,M. Beasley,DEN,1.96,88,22.91,1560,4.14,-1.06,-0.55
G,25,Malik Beasley,M. Beasley,All,1.96,88,22.91,1560,4.14,-1.06,-0.55
F,3,Torrey Craig,T. Craig,DEN,2.01,98,24.26,1347,4.42,-0.2,0.88
F,3,Torrey Craig,T. Craig,All,2.01,98,24.26,1347,4.42,-0.2,0.88
F,9,Jerami Grant,J. Grant,DEN,2.06,100,23.56,1716,4.31,-0.64,0.32
F,9,Jerami Grant,J. Grant,All,2.06,100,23.56,1716,4.31,-0.64,0.32
G,14,Gary Harris,G. Harris,DEN,1.93,95,25.5,2059,4.18,0.61,-0.34
G,14,Gary Harris,G. Harris,All,1.93,95,25.5,2059,4.18,0.61,-0.34
C,15,Nikola Jokic,N. Jokic,DEN,2.13,113,24.91,2418,3.95,0.22,-1.52
C,15,Nikola Jokic,N. Jokic,All,2.13,113,24.91,2418,3.95,0.22,-1.52
F,4,Paul Millsap,P. Millsap,DEN,2.03,112,27.18,1820,4.05,1.68,-1.01
F,4,Paul Millsap,P. Millsap,All,2.03,112,27.18,1820,4.05,1.68,-1.01
G,11,Monte Morris,M. Morris,DEN,1.91,79,21.66,1716,4.29,-1.87,0.22
G,11,Monte Morris,M. Morris,All,1.91,79,21.66,1716,4.29,-1.87,0.22
G,27,Jamal Murray,J. Murray,DEN,1.93,94,25.24,2496,4.4,0.43,0.78
G,27,Jamal Murray,J. Murray,All,1.93,94,25.24,2496,4.4,0.43,0.78
F/C,24,Mason Plumlee,M. Plumlee,DEN,2.11,107,24.03,1404,4.16,-0.34,-0.45
F/C,24,Mason Plumlee,M. Plumlee,All,2.11,107,24.03,1404,4.16,-0.34,-0.45
F,8,Jarred Vanderbilt,J. Vanderbilt,DEN,2.06,97,22.86,140,4.5,-1.1,1.29
F,8,Jarred Vanderbilt,J. Vanderbilt,All,2.06,97,22.86,140,4.5,-1.1,1.29
F,31,Keita Bates-Diop,K. Bates-Diop,MIN,2.06,104,24.51,385,4.22,-0.04,-0.14
F,31,Keita Bates-Diop,K. Bates-Diop,All,2.06,104,24.51,385,4.22,-0.04,-0.14
F,7,Jordan Bell,J. Bell,MIN,2.06,102,24.04,616,4.19,-0.34,-0.29
F,7,Jordan Bell,J. Bell,All,2.06,102,24.04,616,4.19,-0.34,-0.29
F,33,Robert Covington,R. Covington,MIN,2.06,108,25.45,2160,4.1,0.57,-0.75
F,33,Robert Covington,R. Covington,All,2.06,108,25.45,2160,4.1,0.57,-0.75
C,5,Gorgui Dieng,G. Dieng,MIN,2.11,114,25.61,390,4.18,0.67,-0.34
C,5,Gorgui Dieng,G. Dieng,All,2.11,114,25.61,390,4.18,0.67,-0.34
G/F,12,Treveon Graham,T. Graham,MIN,1.96,102,26.55,589,4.45,1.28,1.04
G/F,12,Treveon Graham,T. Graham,All,1.96,102,26.55,589,4.45,1.28,1.04
F,10,Jake Layman,J. Layman,MIN,2.06,98,23.09,1560,4.48,-0.94,1.19
F,10,Jake Layman,J. Layman,All,2.06,98,23.09,1560,4.48,-0.94,1.19
G,13,Shabazz Napier,S. Napier,MIN,1.85,82,23.96,1326,4.17,-0.39,-0.39
G,13,Shabazz Napier,S. Napier,All,1.85,82,23.96,1326,4.17,-0.39,-0.39
G,20,Josh Okogie,J. Okogie,MIN,1.93,96,25.77,1404,4.4,0.78,0.78
G,20,Josh Okogie,J. Okogie,All,1.93,96,25.77,1404,4.4,0.78,0.78
G,0,Jeff Teague,J. Teague,MIN,1.88,88,24.9,2220,3.67,0.22,-2.95
G,0,Jeff Teague,J. Teague,All,1.88,88,24.9,2220,3.67,0.22,-2.95
C,32,Karl-Anthony Towns,K. Towns,MIN,2.13,112,24.69,2574,4.01,0.08,-1.21
C,32,Karl-Anthony Towns,K. Towns,All,2.13,112,24.69,2574,4.01,0.08,-1.21
F,1,Noah Vonleh,N. Vonleh,MIN,2.06,113,26.63,1386,4.24,1.33,-0.04
F,1,Noah Vonleh,N. Vonleh,All,2.06,113,26.63,1386,4.24,1.33,-0.04
G/F,22,Andrew Wiggins,A. Wiggins,MIN,2.03,88,21.35,2574,4.04,-2.06,-1.06
G/F,22,Andrew Wiggins,A. Wiggins,All,2.03,88,21.35,2574,4.04,-2.06,-1.06
C,12,Steven Adams,S. Adams,OKC,2.13,120,26.45,2574,4.09,1.21,-0.8
C,12,Steven Adams,S. Adams,All,2.13,120,26.45,2574,4.09,1.21,-0.8
G/F,30,Deonte Burton,D. Burton,OKC,1.96,109,28.37,780,4.22,2.45,-0.14
G/F,30,Deonte Burton,D. Burton,All,1.96,109,28.37,780,4.22,2.45,-0.14
G,6,Hamidou Diallo,H. Diallo,OKC,1.96,92,23.95,1438,4.39,-0.39,0.73
G,6,Hamidou Diallo,H. Diallo,All,1.96,92,23.95,1438,4.39,-0.39,0.73
G/F,23,Terrance Ferguson,T. Ferguson,OKC,2.01,86,21.29,1950,4.33,-2.11,0.42
G/F,23,Terrance Ferguson,T. Ferguson,All,2.01,86,21.29,1950,4.33,-2.11,0.42
F,8,Danilo Gallinari,D. Gallinari,OKC,2.08,106,24.5,1920,4.08,-0.04,-0.85
F,8,Danilo Gallinari,D. Gallinari,All,2.08,106,24.5,1920,4.08,-0.04,-0.85
G,2,Shai Gilgeous-Alexander,S. Gilgeous-Alexander,OKC,1.98,82,20.92,2184,4.48,-2.34,1.19
G,2,Shai Gilgeous-Alexander,S. Gilgeous-Alexander,All,1.98,82,20.92,2184,4.48,-2.34,1.19
F/C,33,Mike Muscala,M. Muscala,OKC,2.11,109,24.48,1500,4.49,-0.05,1.24
F/C,33,Mike Muscala,M. Muscala,All,2.11,109,24.48,1500,4.49,-0.05,1.24
G,11,Abdel Nader,A. Nader,OKC,1.98,102,26.02,1092,4.47,0.94,1.14
G,11,Abdel Nader,A. Nader,All,1.98,102,26.02,1092,4.47,0.94,1.14
F/C,9,Nerlens Noel,N. Noel,OKC,2.11,100,22.46,980,4.24,-1.35,-0.04
F/C,9,Nerlens Noel,N. Noel,All,2.11,100,22.46,980,4.24,-1.35,-0.04
G,3,Chris Paul,C. Paul,OKC,1.83,79,23.59,2272,3.78,-0.62,-2.39
G,3,Chris Paul,C. Paul,All,1.83,79,23.59,2272,3.78,-0.62,-2.39
G,24,Kent Bazemore,K. Bazemore,POR,1.96,91,23.69,1800,4.36,-0.56,0.58
G,24,Kent Bazemore,K. Bazemore,All,1.96,91,23.69,1800,4.36,-0.56,0.58
F/C,33,Zach Collins,Z. Collins,POR,2.13,107,23.58,1950,4.18,-0.63,-0.34
F/C,33,Zach Collins,Z. Collins,All,2.13,107,23.58,1950,4.18,-0.63,-0.34
F/C,16,Pau Gasol,P. Gasol,POR,2.13,113,24.91,1008,4.11,0.22,-0.7
F/C,16,Pau Gasol,P. Gasol,All,2.13,113,24.91,1008,4.11,0.22,-0.7
F,44,Mario Hezonja,M. Hezonja,POR,2.03,102,24.75,1170,4.31,0.12,0.32
F,44,Mario Hezonja,M. Hezonja,All,2.03,102,24.75,1170,4.31,0.12,0.32
F,5,Rodney Hood,R. Hood,POR,2.03,93,22.57,2044,4.2,-1.28,-0.24
F,5,Rodney Hood,R. Hood,All,2.03,93,22.57,2044,4.2,-1.28,-0.24
F,17,Skal Labissiere,S. Labissiere,POR,2.11,107,24.03,390,4.31,-0.34,0.32
F,17,Skal Labissiere,S. Labissiere,All,2.11,107,24.03,390,4.31,-0.34,0.32
G,0,Damian Lillard,D. Lillard,POR,1.91,88,24.12,2730,3.99,-0.28,-1.31
G,0,Damian Lillard,D. Lillard,All,1.91,88,24.12,2730,3.99,-0.28,-1.31
C,27,Jusuf Nurkic,J. Nurkic,POR,2.13,125,27.55,700,4.08,1.92,-0.85
C,27,Jusuf Nurkic,J. Nurkic,All,2.13,125,27.55,700,4.08,1.92,-0.85
G,1,Anfernee Simons,A. Simons,POR,1.93,84,22.55,1560,4.35,-1.29,0.53
G,1,Anfernee Simons,A. Simons,All,1.93,84,22.55,1560,4.35,-1.29,0.53
F,43,Anthony Tolliver,A. Tolliver,POR,2.03,113,27.42,1170,4.32,1.84,0.37
F,43,Anthony Tolliver,A. Tolliver,All,2.03,113,27.42,1170,4.32,1.84,0.37
G,2,Gary Trent Jr.,G. Trent Jr.,POR,1.98,93,23.72,222,4.1,-0.54,-0.75
G,2,Gary Trent Jr.,G. Trent Jr.,All,1.98,93,23.72,222,4.1,-0.54,-0.75
C,21,Hassan Whiteside,H. Whiteside,POR,2.13,120,26.45,2128,3.91,1.21,-1.72
C,21,Hassan Whiteside,H. Whiteside,All,2.13,120,26.45,2128,3.91,1.21,-1.72
F,44,Bojan Bogdanovic,B. Bogdanovic,UTA,2.03,98,23.78,2496,4.13,-0.5,-0.6
F,44,Bojan Bogdanovic,B. Bogdanovic,All,2.03,98,23.78,2496,4.13,-0.5,-0.6
C,13,Tony Bradley,T. Bradley,UTA,2.08,112,25.89,154,4.34,0.85,0.47
C,13,Tony Bradley,T. Bradley,All,2.08,112,25.89,154,4.34,0.85,0.47
G,10,Mike Conley,M. Conley,UTA,1.85,79,23.08,2112,4.31,-0.95,0.32
G,10,Mike Conley,M. Conley,All,1.85,79,23.08,2112,4.31,-0.95,0.32
C,17,Ed Davis,E. Davis,UTA,2.08,102,23.58,1292,4.19,-0.63,-0.29
C,17,Ed Davis,E. Davis,All,2.08,102,23.58,1292,4.19,-0.63,-0.29
G,11,Dante Exum,D. Exum,UTA,1.98,86,21.94,1026,4.61,-1.69,1.86
G,11,Dante Exum,D. Exum,All,1.98,86,21.94,1026,4.61,-1.69,1.86
C,27,Rudy Gobert,R. Gobert,UTA,2.16,111,23.79,2464,4.19,-0.5,-0.29
C,27,Rudy Gobert,R. Gobert,All,2.16,111,23.79,2464,4.19,-0.5,-0.29
F,22,Jeff Green,J. Green,UTA,2.06,107,25.21,1155,3.81,0.42,-2.23
F,22,Jeff Green,J. Green,All,2.06,107,25.21,1155,3.81,0.42,-2.23
F,2,Joe Ingles,J. Ingles,UTA,2.03,103,24.99,2340,4.25,0.28,0.01
F,2,Joe Ingles,J. Ingles,All,2.03,103,24.99,2340,4.25,0.28,0.01
G,45,Donovan Mitchell,D. Mitchell,UTA,1.91,98,26.86,2652,4.08,1.48,-0.85
G,45,Donovan Mitchell,D. Mitchell,All,1.91,98,26.86,2652,4.08,1.48,-0.85
G,8,Emmanuel Mudiay,E. Mudiay,UTA,1.96,91,23.69,1350,4.45,-0.56,1.04
G,8,Emmanuel Mudiay,E. Mudiay,All,1.96,91,23.69,1350,4.45,-0.56,1.04
F,31,Georges Niang,G. Niang,UTA,2.03,104,25.24,780,4.43,0.43,0.93
F,31,Georges Niang,G. Niang,All,2.03,104,25.24,780,4.43,0.43,0.93
F,23,Royce O'Neale,R. O'Neale,UTA,1.98,103,26.27,1547,4.37,1.1,0.63
F,23,Royce O'Neale,R. O'Neale,All,1.98,103,26.27,1547,4.37,1.1,0.63
G,8,Alec Burks,A. Burks,GSW,1.98,97,24.74,1672,4.22,0.12,-0.14
G,8,Alec Burks,A. Burks,All,1.98,97,24.74,1672,4.22,0.12,-0.14
C,2,Willie Cauley-Stein,W. Cauley-Stein,GSW,2.13,109,24.03,1460,4.16,-0.34,-0.45
C,2,Willie Cauley-Stein,W. Cauley-Stein,All,2.13,109,24.03,1460,4.16,-0.34,-0.45
F,32,Marquese Chriss,M. Chriss,GSW,2.08,109,25.19,624,4.27,0.41,0.12
F,32,Marquese Chriss,M. Chriss,All,2.08,109,25.19,624,4.27,0.41,0.12
G,30,Stephen Curry,S. Curry,GSW,1.91,86,23.57,2516,4.34,-0.64,0.47
G,30,Stephen Curry,S. Curry,All,1.91,86,23.57,2516,4.34,-0.64,0.47
G,10,Jacob Evans,J. Evans,GSW,1.98,95,24.23,780,4.51,-0.21,1.34
G,10,Jacob Evans,J. Evans,All,1.98,95,24.23,780,4.51,-0.21,1.34
F,23,Draymond Green,D. Green,GSW,2.01,104,25.74,2432,3.82,0.76,-2.18
F,23,Draymond Green,D. Green,All,2.01,104,25.74,2432,3.82,0.76,-2.18
G/F,1,Damion Lee,D. Lee,GSW,1.98,95,24.23,546,4.71,-0.21,2.37
G/F,1,Damion Lee,D. Lee,All,1.98,95,24.23,546,4.71,-0.21,2.37
F/C,5,Kevon Looney,K. Looney,GSW,2.06,100,23.56,1560,4.3,-0.64,0.27
F/C,5,Kevon Looney,K. Looney,All,2.06,100,23.56,1560,4.3,-0.64,0.27
F,28,Alfonzo McKinnie,A. McKinnie,GSW,2.03,98,23.78,390,4.68,-0.5,2.21
F,28,Alfonzo McKinnie,A. McKinnie,All,2.03,98,23.78,390,4.68,-0.5,2.21
G/F,22,Glenn Robinson III,G. Robinson III,GSW,1.98,101,25.76,1656,4.66,0.77,2.11
G/F,22,Glenn Robinson III,G. Robinson III,All,1.98,101,25.76,1656,4.66,0.77,2.11
G,0,D'Angelo Russell,D. Russell,GSW,1.96,90,23.43,2368,4.14,-0.73,-0.55
G,0,D'Angelo Russell,D. Russell,All,1.96,90,23.43,2368,4.14,-0.73,-0.55
F,4,Omari Spellman,O. Spellman,GSW,2.06,111,26.16,924,4.46,1.03,1.09
F,4,Omari Spellman,O. Spellman,All,2.06,111,26.16,924,4.46,1.03,1.09
G,11,Klay Thompson,K. Thompson,GSW,2.01,98,24.26,630,4.28,-0.2,0.17
G,11,Klay Thompson,K. Thompson,All,2.01,98,24.26,630,4.28,-0.2,0.17
G,21,Patrick Beverley,P. Beverley,LAC,1.85,84,24.54,1885,4.4,-0.01,0.78
G,21,Patrick Beverley,P. Beverley,All,1.85,84,24.54,1885,4.4,-0.01,0.78
F,13,Paul George,P. George,LAC,2.06,100,23.56,2244,4.09,-0.64,-0.8
F,13,Paul George,P. George,All,2.06,100,23.56,2244,4.09,-0.64,-0.8
F,4,JaMychal Green,J. Green,LAC,2.06,103,24.27,1500,4.27,-0.19,0.12
F,4,JaMychal Green,J. Green,All,2.06,103,24.27,1500,4.27,-0.19,0.12
F,8,Maurice Harkless,M. Harkless,LAC,2.06,100,23.56,1650,4.25,-0.64,0.01
F,8,Maurice Harkless,M. Harkless,All,2.06,100,23.56,1650,4.25,-0.64,0.01
F/C,5,Montrezl Harrell,M. Harrell,LAC,2.03,109,26.45,2028,3.93,1.21,-1.62
F/C,5,Montrezl Harrell,M. Harrell,All,2.03,109,26.45,2028,3.93,1.21,-1.62
F,2,Kawhi Leonard,K. Leonard,LAC,2.01,104,25.74,2108,4.23,0.76,-0.09
F,2,Kawhi Leonard,K. Leonard,All,2.01,104,25.74,2108,4.23,0.76,-0.09
G/F,19,Rodney McGruder,R. McGruder,LAC,1.93,91,24.43,933,4.57,-0.08,1.65
G/F,19,Rodney McGruder,R. McGruder,All,1.93,91,24.43,933,4.57,-0.08,1.65
F,54,Patrick Patterson,P. Patterson,LAC,2.06,104,24.51,390,4.33,-0.04,0.42
F,54,Patrick Patterson,P. Patterson,All,2.06,104,24.51,390,4.33,-0.04,0.42
G,1,Jerome Robinson,J. Robinson,LAC,1.96,86,22.39,624,4.5,-1.4,1.29
G,1,Jerome Robinson,J. Robinson,All,1.96,86,22.39,624,4.5,-1.4,1.29
G,20,Landry Shamet,L. Shamet,LAC,1.96,85,22.13,2028,4.63,-1.57,1.96
G,20,Landry Shamet,L. Shamet,All,1.96,85,22.13,2028,4.63,-1.57,1.96
C,40,Ivica Zubac,I. Zubac,LAC,2.16,109,23.36,1560,4.24,-0.77,-0.04
C,40,Ivica Zubac,I. Zubac,All,2.16,109,23.36,1560,4.24,-0.77,-0.04
G,11,Avery Bradley,A. Bradley,LAL,1.88,82,23.2,1580,4.32,-0.88,0.37
G,11,Avery Bradley,A. Bradley,All,1.88,82,23.2,1580,4.32,-0.88,0.37
G,1,Kentavious Caldwell-Pope,K. Caldwell-Pope,LAL,1.96,93,24.21,1560,4.28,-0.23,0.17
G,1,Kentavious Caldwell-Pope,K. Caldwell-Pope,All,1.96,93,24.21,1560,4.28,-0.23,0.17
G,4,Alex Caruso,A. Caruso,LAL,1.96,84,21.87,936,4.23,-1.73,-0.09
G,4,Alex Caruso,A. Caruso,All,1.96,84,21.87,936,4.23,-1.73,-0.09
G,2,Quinn Cook,Q. Cook,LAL,1.88,81,22.92,624,4.45,-1.06,1.04
G,2,Quinn Cook,Q. Cook,All,1.88,81,22.92,624,4.45,-1.06,1.04
G,30,Troy Daniels,T. Daniels,LAL,1.93,93,24.97,234,4.36,0.26,0.58
G,30,Troy Daniels,T. Daniels,All,1.93,93,24.97,234,4.36,0.26,0.58
F/C,3,Anthony Davis,A. Davis,LAL,2.08,115,26.58,2584,3.9,1.3,-1.77
F/C,3,Anthony Davis,A. Davis,All,2.08,115,26.58,2584,3.9,1.3,-1.77
F,10,Jared Dudley,J. Dudley,LAL,2.01,108,26.73,380,4.09,1.39,-0.8
F,10,Jared Dudley,J. Dudley,All,2.01,108,26.73,380,4.09,1.39,-0.8
C,39,Dwight Howard,D. Howard,LAL,2.11,120,26.95,1224,3.9,1.54,-1.77
C,39,Dwight Howard,D. Howard,All,2.11,120,26.95,1224,3.9,1.54,-1.77
F,23,LeBron James,L. James,LAL,2.03,113,27.42,2584,3.78,1.84,-2.39
F,23,LeBron James,L. James,All,2.03,113,27.42,2584,3.78,1.84,-2.39
F,0,Kyle Kuzma,K. Kuzma,LAL,2.06,100,23.56,2496,4.42,-0.64,0.88
F,0,Kyle Kuzma,K. Kuzma,All,2.06,100,23.56,2496,4.42,-0.64,0.88
C,7,JaVale McGee,J. McGee,LAL,2.13,122,26.89,1716,4.12,1.5,-0.65
C,7,JaVale McGee,J. McGee,All,2.13,122,26.89,1716,4.12,1.5,-0.65
G,9,Rajon Rondo,R. Rondo,LAL,1.85,84,24.54,1606,4.01,-0.01,-1.21
G,9,Rajon Rondo,R. Rondo,All,1.85,84,24.54,1606,4.01,-0.01,-1.21
C,22,Deandre Ayton,D. Ayton,PHX,2.16,113,24.22,2418,3.96,-0.22,-1.47
C,22,Deandre Ayton,D. Ayton,All,2.16,113,24.22,2418,3.96,-0.22,-1.47
F/C,46,Aron Baynes,A. Baynes,PHX,2.08,118,27.27,1216,4.02,1.74,-1.16
F/C,46,Aron Baynes,A. Baynes,All,2.08,118,27.27,1216,4.02,1.74,-1.16
G,1,Devin Booker,D. Booker,PHX,1.98,95,24.23,2590,4.11,-0.21,-0.7
G,1,Devin Booker,D. Booker,All,1.98,95,24.23,2590,4.11,-0.21,-0.7
F,25,Mikal Bridges,M. Bridges,PHX,2.01,95,23.51,2184,4.32,-0.67,0.37
F,25,Mikal Bridges,M. Bridges,All,2.01,95,23.51,2184,4.32,-0.67,0.37
G,4,Jevon Carter,J. Carter,PHX,1.88,89,25.18,234,4.43,0.4,0.93
G,4,Jevon Carter,J. Carter,All,1.88,89,25.18,234,4.43,0.4,0.93
F,14,Cheick Diallo,C. Diallo,PHX,2.06,100,23.56,234,4.44,-0.64,0.99
F,14,Cheick Diallo,C. Diallo,All,2.06,100,23.56,234,4.44,-0.64,0.99
G,16,Tyler Johnson,T. Johnson,PHX,1.93,86,23.09,1368,4.36,-0.95,0.58
G,16,Tyler Johnson,T. Johnson,All,1.93,86,23.09,1368,4.36,-0.95,0.58
F/C,8,Frank Kaminsky,F. Kaminsky,PHX,2.13,110,24.25,1170,4.22,-0.2,-0.14
F/C,8,Frank Kaminsky,F. Kaminsky,All,2.13,110,24.25,1170,4.22,-0.2,-0.14
G,2,Elie Okobo,E. Okobo,PHX,1.88,86,24.33,234,4.57,-0.15,1.65
G,2,Elie Okobo,E. Okobo,All,1.88,86,24.33,234,4.57,-0.15,1.65
G,11,Ricky Rubio,R. Rubio,PHX,1.93,86,23.09,2079,4.31,-0.95,0.32
G,11,Ricky Rubio,R. Rubio,All,1.93,86,23.09,2079,4.31,-0.95,0.32
F,20,Dario Saric,D. Saric,PHX,2.08,101,23.35,1872,4.31,-0.78,0.32
F,20,Dario Saric,D. Saric,All,2.08,101,23.35,1872,4.31,-0.78,0.32
F,0,Trevor Ariza,T. Ariza,SAC,2.03,98,23.78,1245,3.99,-0.5,-1.31
F,0,Trevor Ariza,T. Ariza,All,2.03,98,23.78,1245,3.99,-0.5,-1.31
F,40,Harrison Barnes,H. Barnes,SAC,2.03,102,24.75,2496,4.32,0.12,0.37
F,40,Harrison Barnes,H. Barnes,All,2.03,102,24.75,2496,4.32,0.12,0.37
F,88,Nemanja Bjelica,N. Bjelica,SAC,2.08,106,24.5,760,4.24,-0.04,-0.04
F,88,Nemanja Bjelica,N. Bjelica,All,2.08,106,24.5,760,4.24,-0.04,-0.04
G,8,Bogdan Bogdanovic,B. Bogdanovic,SAC,1.98,93,23.72,2184,4.31,-0.54,0.32
G,8,Bogdan Bogdanovic,B. Bogdanovic,All,1.98,93,23.72,2184,4.31,-0.54,0.32
C,13,Dewayne Dedmon,D. Dedmon,SAC,2.13,111,24.47,1875,4.19,-0.06,-0.29
C,13,Dewayne Dedmon,D. Dedmon,All,2.13,111,24.47,1875,4.19,-0.06,-0.29
G,3,Yogi Ferrell,Y. Ferrell,SAC,1.83,82,24.49,390,4.43,-0.05,0.93
G,3,Yogi Ferrell,Y. Ferrell,All,1.83,82,24.49,390,4.43,-0.05,0.93
G,5,De'Aaron Fox,D. Fox,SAC,1.91,79,21.66,2418,4.41,-1.87,0.83
G,5,De'Aaron Fox,D. Fox,All,1.91,79,21.66,2418,4.41,-1.87,0.83
G,24,Buddy Hield,B. Hield,SAC,1.93,97,26.04,2496,4.71,0.95,2.37
G,24,Buddy Hield,B. Hield,All,1.93,97,26.04,2496,4.71,0.95,2.37
F,22,Richaun Holmes,R. Holmes,SAC,2.08,107,24.73,924,4.03,0.11,-1.11
F,22,Richaun Holmes,R. Holmes,All,2.08,107,24.73,924,4.03,0.11,-1.11
G,9,Cory Joseph,C. Joseph,SAC,1.91,88,24.12,1404,4.49,-0.28,1.24
G,9,Cory Joseph,C. Joseph,All,1.91,88,24.12,1404,4.49,-0.28,1.24
F/C,50,Caleb Swanigan,C. Swanigan,SAC,2.06,113,26.63,234,4.24,1.33,-0.04
F/C,50,Caleb Swanigan,C. Swanigan,All,2.06,113,26.63,234,4.24,1.33,-0.04