Pos.,No.,Name,Team,Ht.m,Wt.kg,BMI,KPmin,Avg..Speed
G,7,Jaylen Brown,BOS,1.98,100,25.51,2310,4.29
G,7,Jaylen Brown,All,1.98,100,25.51,2310,4.29
G,4,Carsen Edwards,BOS,1.8,91,28.09,390,#N/A
G,4,Carsen Edwards,All,1.8,91,28.09,390,#N/A
C,99,Tacko Fall,BOS,2.26,141,27.61,0,#N/A
C,99,Tacko Fall,All,2.26,141,27.61,0,#N/A
F,30,Kaiser Gates,BOS,2.03,98,23.78,0,#N/A
F,30,Kaiser Gates,All,2.03,98,23.78,0,#N/A
G,43,Javonte Green,BOS,1.93,93,24.97,0,#N/A
G,43,Javonte Green,All,1.93,93,24.97,0,#N/A
F,20,Gordon Hayward,BOS,2.03,102,24.75,1860,4.42
F,20,Gordon Hayward,All,2.03,102,24.75,1860,4.42
C,11,Enes Kanter,BOS,2.08,113,26.12,1848,4.08
C,11,Enes Kanter,All,2.08,113,26.12,1848,4.08
G,45,Romeo Langford,BOS,1.93,98,26.31,633,#N/A
G,45,Romeo Langford,All,1.93,98,26.31,633,#N/A
F,26,Yante Maten,BOS,2.03,109,26.45,0,4.27
F,26,Yante Maten,All,2.03,109,26.45,0,4.27
F,37,Semi Ojeleye,BOS,1.98,109,27.8,624,4.38
F,37,Semi Ojeleye,All,1.98,109,27.8,624,4.38
C,77,Vincent Poirier,BOS,2.13,107,23.58,780,#N/A
C,77,Vincent Poirier,All,2.13,107,23.58,780,#N/A
G,36,Marcus Smart,BOS,1.91,100,27.41,2280,4.09
G,36,Marcus Smart,All,1.91,100,27.41,2280,4.09
G,28,Max Strus,BOS,1.96,98,25.51,0,#N/A
G,28,Max Strus,All,1.96,98,25.51,0,#N/A
F,0,Jayson Tatum,BOS,2.03,95,23.05,2496,4.13
F,0,Jayson Tatum,All,2.03,95,23.05,2496,4.13
F,27,Daniel Theis,BOS,2.03,110,26.69,1155,4.19
F,27,Daniel Theis,All,2.03,110,26.69,1155,4.19
G,8,Kemba Walker,BOS,1.83,83,24.78,2652,4.13
G,8,Kemba Walker,All,1.83,83,24.78,2652,4.13
G,9,Brad Wanamaker,BOS,1.91,95,26.04,780,4.27
G,9,Brad Wanamaker,All,1.91,95,26.04,780,4.27
G,51,Tremont Waters,BOS,1.78,79,24.93,0,#N/A
G,51,Tremont Waters,All,1.78,79,24.93,0,#N/A
F,12,Grant Williams,BOS,1.98,107,27.29,936,#N/A
F,12,Grant Williams,All,1.98,107,27.29,936,#N/A
F/C,44,Robert Williams III,BOS,2.03,116,28.15,936,4.11
F/C,44,Robert Williams III,All,2.03,116,28.15,936,4.11
C,31,Jarrett Allen,BRK,2.11,110,24.71,1872,4.23
C,31,Jarrett Allen,All,2.11,110,24.71,1872,4.23
F,21,Wilson Chandler,BRK,2.03,107,25.97,1110,4.21
F,21,Wilson Chandler,All,2.03,107,25.97,1110,4.21
F,33,Nicolas Claxton,BRK,2.11,98,22.01,234,#N/A
F,33,Nicolas Claxton,All,2.11,98,22.01,234,#N/A
G,8,Spencer Dinwiddie,BRK,1.96,98,25.51,2184,4.06
G,8,Spencer Dinwiddie,All,1.96,98,25.51,2184,4.06
F,7,Kevin Durant,BRK,2.08,109,25.19,0,3.93
F,7,Kevin Durant,All,2.08,109,25.19,0,3.93
F,4,Henry Ellenson,BRK,2.08,109,25.19,0,4.71
F,4,Henry Ellenson,All,2.08,109,25.19,0,4.71
G/F,12,Joe Harris,BRK,1.98,100,25.51,2280,4.55
G/F,12,Joe Harris,All,1.98,100,25.51,2280,4.55
G,11,Kyrie Irving,BRK,1.88,88,24.9,2475,4.11
G,11,Kyrie Irving,All,1.88,88,24.9,2475,4.11
C,6,DeAndre Jordan,BRK,2.11,120,26.95,1872,3.73
C,6,DeAndre Jordan,All,2.11,120,26.95,1872,3.73
F,0,Rodions Kurucs,BRK,2.06,103,24.27,1404,4.65
F,0,Rodions Kurucs,All,2.06,103,24.27,1404,4.65
G,22,Caris LeVert,BRK,1.98,93,23.72,1932,4.23
G,22,Caris LeVert,All,1.98,93,23.72,1932,4.23
G/F,13,Dzanan Musa,BRK,2.06,98,23.09,385,4.23
G/F,13,Dzanan Musa,All,2.06,98,23.09,385,4.23
G,0,David Nwaba,BRK,1.96,99,25.77,228,4.28
G,0,David Nwaba,All,1.96,99,25.77,228,4.28
G/F,1,Theo Pinson,BRK,1.96,96,24.99,180,4.13
G/F,1,Theo Pinson,All,1.96,96,24.99,180,4.13
F,2,Taurean Prince,BRK,2.01,99,24.5,2156,4.14
F,2,Taurean Prince,All,2.01,99,24.5,2156,4.14
G/F,17,Garrett Temple,BRK,1.96,88,22.91,1368,4.27
G/F,17,Garrett Temple,All,1.96,88,22.91,1368,4.27
F,42,Lance Thomas,BRK,2.03,107,25.97,0,4.47
F,42,Lance Thomas,All,2.03,107,25.97,0,4.47
G/F,9,C.J. Williams,BRK,1.96,106,27.59,0,4.33
G/F,9,C.J. Williams,All,1.96,106,27.59,0,4.33
G,0,Kadeem Allen,NYK,1.88,94,26.6,0,4.35
G,0,Kadeem Allen,All,1.88,94,26.6,0,4.35
G,9,R.J. Barrett,NYK,2.01,97,24.01,2184,#N/A
G,9,R.J. Barrett,All,2.01,97,24.01,2184,#N/A
F,17,Ignas Brazdeikis,NYK,2.01,103,25.49,0,#N/A
F,17,Ignas Brazdeikis,All,2.01,103,25.49,0,#N/A
G/F,25,Reggie Bullock,NYK,2.01,93,23.02,590,4.29
G/F,25,Reggie Bullock,All,2.01,93,23.02,590,4.29
G,21,Damyean Dotson,NYK,1.98,94,23.98,234,4.27
G,21,Damyean Dotson,All,1.98,94,23.98,234,4.27
G,2,Wayne Ellington,NYK,1.96,94,24.47,924,4.28
G,2,Wayne Ellington,All,1.96,94,24.47,924,4.28
F,67,Taj Gibson,NYK,2.08,105,24.27,624,4.2
F,67,Taj Gibson,All,2.08,105,24.27,624,4.2
F,40,V.J. King,NYK,1.98,93,23.72,0,#N/A
F,40,V.J. King,All,1.98,93,23.72,0,#N/A
F,20,Kevin Knox,NYK,2.03,98,23.78,2184,4.21
F,20,Kevin Knox,All,2.03,98,23.78,2184,4.21
F,13,Marcus Morris,NYK,2.06,99,23.33,2128,4.1
F,13,Marcus Morris,All,2.06,99,23.33,2128,4.1
G,11,Frank Ntilikina,NYK,1.96,89,23.17,430,4.23
G,11,Frank Ntilikina,All,1.96,89,23.17,430,4.23
G,6,Elfrid Payton,NYK,1.93,88,23.62,1752,4.35
G,6,Elfrid Payton,All,1.93,88,23.62,1752,4.35
G,3,Lamar Peters,NYK,1.85,86,25.13,0,#N/A
G,3,Lamar Peters,All,1.85,86,25.13,0,#N/A
F,1,Bobby Portis,NYK,2.11,116,26.06,1824,4.08
F,1,Bobby Portis,All,2.11,116,26.06,1824,4.08
F,30,Julius Randle,NYK,2.06,116,27.34,2340,4.01
F,30,Julius Randle,All,2.06,116,27.34,2340,4.01
C,23,Mitchell Robinson,NYK,2.16,109,23.36,1872,4.18
C,23,Mitchell Robinson,All,2.16,109,23.36,1872,4.18
G,5,Dennis Smith Jr.,NYK,1.91,93,25.49,1824,4.24
G,5,Dennis Smith Jr.,All,1.91,93,25.49,1824,4.24
G,14,Allonzo Trier,NYK,1.96,91,23.69,770,4.17
G,14,Allonzo Trier,All,1.96,91,23.69,770,4.17
F,45,Kenny Wooten,NYK,2.06,102,24.04,0,#N/A
F,45,Kenny Wooten,All,2.06,102,24.04,0,#N/A
F,43,Jonah Bolden,PHI,2.03,100,24.27,624,4.45
F,43,Jonah Bolden,All,2.03,100,24.27,624,4.45
G,23,Trey Burke,PHI,1.83,79,23.59,780,4.4
G,23,Trey Burke,All,1.83,79,23.59,780,4.4
F/C,21,Joel Embiid,PHI,2.13,113,24.91,2178,3.89
F/C,21,Joel Embiid,All,2.13,113,24.91,2178,3.89
F,11,James Ennis,PHI,1.98,95,24.23,1125,#N/A
F,11,James Ennis,All,1.98,95,24.23,1125,#N/A
F,12,Tobias Harris,PHI,2.03,107,25.97,2652,4.22
F,12,Tobias Harris,All,2.03,107,25.97,2652,4.22
F,7,Haywood Highsmith,PHI,1.93,100,26.85,0,4.59
F,7,Haywood Highsmith,All,1.93,100,26.85,0,4.59
F/C,42,Al Horford,PHI,2.06,111,26.16,2204,3.98
F/C,42,Al Horford,All,2.06,111,26.16,2204,3.98
G/F,30,Furkan Korkmaz,PHI,2.01,86,21.29,710,4.53
G/F,30,Furkan Korkmaz,All,2.01,86,21.29,710,4.53
C,20,Christ Koumadje,PHI,2.21,122,24.98,0,#N/A
C,20,Christ Koumadje,All,2.21,122,24.98,0,#N/A
F,41,Isaiah Miles,PHI,2.01,100,24.75,0,#N/A
F,41,Isaiah Miles,All,2.01,100,24.75,0,#N/A
G,18,Shake Milton,PHI,1.96,94,24.47,253,4.43
G,18,Shake Milton,All,1.96,94,24.47,253,4.43
G,19,Raul Neto,PHI,1.85,81,23.67,816,4.53
G,19,Raul Neto,All,1.85,81,23.67,816,4.53
C,9,Kyle O'Quinn,PHI,2.06,113,26.63,624,3.93
C,9,Kyle O'Quinn,All,2.06,113,26.63,624,3.93
C,14,Norvel Pelle,PHI,2.08,98,22.65,0,#N/A
C,14,Norvel Pelle,All,2.08,98,22.65,0,#N/A
G/F,0,Josh Richardson,PHI,1.96,91,23.69,2584,4.3
G/F,0,Josh Richardson,All,1.96,91,23.69,2584,4.3
F,1,Mike Scott,PHI,2.01,108,26.73,1386,4.3
F,1,Mike Scott,All,2.01,108,26.73,1386,4.3
G,35,Marial Shayok,PHI,1.96,89,23.17,0,#N/A
G,35,Marial Shayok,All,1.96,89,23.17,0,#N/A
G/F,25,Ben Simmons,PHI,2.08,104,24.04,2244,4.17
G/F,25,Ben Simmons,All,2.08,104,24.04,2244,4.17
G,8,Zhaire Smith,PHI,1.91,90,24.67,720,4.58
G,8,Zhaire Smith,All,1.91,90,24.67,720,4.58
G,22,Matisse Thybulle,PHI,1.96,91,23.69,780,#N/A
G,22,Matisse Thybulle,All,1.96,91,23.69,780,#N/A
F,3,OG Anunoby,TOR,2.03,105,25.48,1900,4.37
F,3,OG Anunoby,All,2.03,105,25.48,1900,4.37
F,25,Chris Boucher,TOR,2.08,91,21.03,0,4.27
F,25,Chris Boucher,All,2.08,91,21.03,0,4.27
F,12,Oshae Brissett,TOR,2.03,95,23.05,0,#N/A
F,12,Oshae Brissett,All,2.03,95,23.05,0,#N/A
G,0,Terence Davis,TOR,1.93,93,24.97,390,#N/A
G,0,Terence Davis,All,1.93,93,24.97,390,#N/A
C,33,Marc Gasol,TOR,2.16,116,24.86,1925,3.67
C,33,Marc Gasol,All,2.16,116,24.86,1925,3.67
F,20,Dewan Hernandez,TOR,2.08,107,24.73,0,#N/A
F,20,Dewan Hernandez,All,2.08,107,24.73,0,#N/A
F,4,Rondae Hollis-Jefferson,TOR,2.01,98,24.26,1155,4.32
F,4,Rondae Hollis-Jefferson,All,2.01,98,24.26,1155,4.32
F/C,9,Serge Ibaka,TOR,2.08,107,24.73,1872,4
F/C,9,Serge Ibaka,All,2.08,107,24.73,1872,4
F,5,Stanley Johnson,TOR,2.01,111,27.47,1386,4.27
F,5,Stanley Johnson,All,2.01,111,27.47,1386,4.27
C,50,Sagaba Konate,TOR,2.03,113,27.42,0,#N/A
C,50,Sagaba Konate,All,2.03,113,27.42,0,#N/A
G,7,Kyle Lowry,TOR,1.83,89,26.58,2475,3.95
G,7,Kyle Lowry,All,1.83,89,26.58,2475,3.95
G,22,Patrick McCaw,TOR,2.01,84,20.79,1520,4.25
G,22,Patrick McCaw,All,2.01,84,20.79,1520,4.25
F,13,Malcolm Miller,TOR,2.01,95,23.51,0,4.64
F,13,Malcolm Miller,All,2.01,95,23.51,0,4.64
G,1,Cameron Payne,TOR,1.91,86,23.57,0,4.29
G,1,Cameron Payne,All,1.91,86,23.57,0,4.29
G/F,24,Norman Powell,TOR,1.93,98,26.31,1848,4.38
G/F,24,Norman Powell,All,1.93,98,26.31,1848,4.38
F,11,Devin Robinson,TOR,2.03,95,23.05,0,4.34
F,11,Devin Robinson,All,2.03,95,23.05,0,4.34
F,43,Pascal Siakam,TOR,2.06,104,24.51,2574,4.36
F,43,Pascal Siakam,All,2.06,104,24.51,2574,4.36
G,17,Isaiah Taylor,TOR,1.91,77,21.11,0,#N/A
G,17,Isaiah Taylor,All,1.91,77,21.11,0,#N/A
G,21,Matt Thomas,TOR,1.96,86,22.39,479,#N/A
G,21,Matt Thomas,All,1.96,86,22.39,479,#N/A
G,23,Fred VanVleet,TOR,1.83,88,26.28,2156,4.36
G,23,Fred VanVleet,All,1.83,88,26.28,2156,4.36
G,51,Ryan Arcidiacono,CHI,1.91,91,24.94,1092,4.45
G,51,Ryan Arcidiacono,All,1.91,91,24.94,1092,4.45
G,11,Perrion Callandret,CHI,1.88,82,23.2,0,#N/A
G,11,Perrion Callandret,All,1.88,82,23.2,0,#N/A
C,34,Wendell Carter,CHI,2.08,116,26.81,1900,#N/A
C,34,Wendell Carter,All,2.08,116,26.81,1900,#N/A
G,9,Milton Doyle,CHI,1.93,82,22.01,0,#N/A
G,9,Milton Doyle,All,1.93,82,22.01,0,#N/A
G,32,Kris Dunn,CHI,1.93,93,24.97,1562,4.28
G,32,Kris Dunn,All,1.93,93,24.97,1562,4.28
F/C,6,Cristiano Felicio,CHI,2.08,120,27.74,390,4.26
F/C,6,Cristiano Felicio,All,2.08,120,27.74,390,4.26
F/C,12,Daniel Gafford,CHI,2.11,108,24.26,234,#N/A
F/C,12,Daniel Gafford,All,2.11,108,24.26,234,#N/A
G,3,Shaquille Harrison,CHI,1.93,86,23.09,390,4.64
G,3,Shaquille Harrison,All,1.93,86,23.09,390,4.64
F,15,Chandler Hutchison,CHI,2.01,89,22.03,684,4.49
F,15,Chandler Hutchison,All,2.01,89,22.03,684,4.49
C,2,Luke Kornet,CHI,2.16,113,24.22,624,4.24
C,2,Luke Kornet,All,2.16,113,24.22,624,4.24
G,8,Zach LaVine,CHI,1.96,91,23.69,1972,4.43
G,8,Zach LaVine,All,1.96,91,23.69,1972,4.43
F,24,Lauri Markkanen,CHI,2.13,109,24.03,2400,4.2
F,24,Lauri Markkanen,All,2.13,109,24.03,2400,4.2
G,20,Adam Mokoka,CHI,1.96,86,22.39,0,#N/A
G,20,Adam Mokoka,All,1.96,86,22.39,0,#N/A
F,22,Otto Porter,CHI,2.03,90,21.84,2280,#N/A
F,22,Otto Porter,All,2.03,90,21.84,2280,#N/A
G/F,31,Tomas Satoransky,CHI,2.01,95,23.51,1716,4.5
G/F,31,Tomas Satoransky,All,2.01,95,23.51,1716,4.5
G,5,Justin Simon,CHI,1.96,98,25.51,0,#N/A
G,5,Justin Simon,All,1.96,98,25.51,0,#N/A
G,45,Denzel Valentine,CHI,1.98,95,24.23,770,#N/A
G,45,Denzel Valentine,All,1.98,95,24.23,770,#N/A
G,0,Coby White,CHI,1.96,84,21.87,1560,#N/A
G,0,Coby White,All,1.96,84,21.87,1560,#N/A
F,21,Thaddeus Young,CHI,2.03,100,24.27,2106,4.2
F,21,Thaddeus Young,All,2.03,100,24.27,2106,4.2
C,1,Marques Bolden,CLE,2.11,113,25.38,0,#N/A
C,1,Marques Bolden,All,2.11,113,25.38,0,#N/A
G,8,Jordan Clarkson,CLE,1.96,88,22.91,1872,4.28
G,8,Jordan Clarkson,All,1.96,88,22.91,1872,4.28
G,18,Matthew Dellavedova,CLE,1.93,91,24.43,840,4.2
G,18,Matthew Dellavedova,All,1.93,91,24.43,840,4.2
G,10,Darius Garland,CLE,1.88,79,22.35,2079,#N/A
G,10,Darius Garland,All,1.88,79,22.35,2079,#N/A
F/C,31,John Henson,CLE,2.11,99,22.24,804,4.27
F/C,31,John Henson,All,2.11,99,22.24,804,4.27
G,20,Brandon Knight,CLE,1.91,88,24.12,529,4.23
G,20,Brandon Knight,All,1.91,88,24.12,529,4.23
F/C,0,Kevin Love,CLE,2.08,114,26.35,1680,4.01
F/C,0,Kevin Love,All,2.08,114,26.35,1680,4.01
F,24,Jarell Martin,CLE,2.08,108,24.96,0,4.47
F,24,Jarell Martin,All,2.08,108,24.96,0,4.47
F,22,Larry Nance Jr.,CLE,2.06,104,24.51,1850,4.13
F,22,Larry Nance Jr.,All,2.06,104,24.51,1850,4.13
F,16,Cedi Osman,CLE,2.03,98,23.78,2340,4.13
F,16,Cedi Osman,All,2.03,98,23.78,2340,4.13
G,4,Kevin Porter,CLE,1.98,98,25,780,#N/A
G,4,Kevin Porter,All,1.98,98,25,780,#N/A
G,2,Collin Sexton,CLE,1.88,86,24.33,2418,4.14
G,2,Collin Sexton,All,1.88,86,24.33,2418,4.14
F/C,13,Tristan Thompson,CLE,2.08,108,24.96,1680,4.15
F/C,13,Tristan Thompson,All,2.08,108,24.96,1680,4.15
F,37,Dean Wade,CLE,2.08,103,23.81,0,#N/A
F,37,Dean Wade,All,2.08,103,23.81,0,#N/A
G/F,9,Dylan Windler,CLE,2.03,89,21.6,1404,#N/A
G/F,9,Dylan Windler,All,2.03,89,21.6,1404,#N/A
C,41,Ante Zizic,CLE,2.11,115,25.83,1404,4
C,41,Ante Zizic,All,2.11,115,25.83,1404,4
G,18,Jordan Bone,DET,1.91,81,22.2,0,#N/A
G,18,Jordan Bone,All,1.91,81,22.2,0,#N/A
G,6,Bruce Brown,DET,1.96,92,23.95,1560,4.46
G,6,Bruce Brown,All,1.96,92,23.95,1560,4.46
F,45,Sekou Doumbouya,DET,2.06,95,22.39,234,#N/A
F,45,Sekou Doumbouya,All,2.06,95,22.39,234,#N/A
C,0,Andre Drummond,DET,2.11,127,28.53,2574,3.94
C,0,Andre Drummond,All,2.11,127,28.53,2574,3.94
G,12,Tim Frazier,DET,1.85,77,22.5,624,4.37
G,12,Tim Frazier,All,1.85,77,22.5,624,4.37
G,9,Langston Galloway,DET,1.88,91,25.75,1716,4.4
G,9,Langston Galloway,All,1.88,91,25.75,1716,4.4
F,23,Blake Griffin,DET,2.08,113,26.12,2590,3.71
F,23,Blake Griffin,All,2.08,113,26.12,2590,3.71
G,1,Reggie Jackson,DET,1.91,94,25.77,1988,4.2
G,1,Reggie Jackson,All,1.91,94,25.77,1988,4.2
G/F,24,Joe Johnson,DET,2.01,109,26.98,0,#N/A
G/F,24,Joe Johnson,All,2.01,109,26.98,0,#N/A
G,5,Luke Kennard,DET,1.96,93,24.21,2002,4.25
G,5,Luke Kennard,All,1.96,93,24.21,2002,4.25
F,14,Louis King,DET,2.06,93,21.92,0,#N/A
F,14,Louis King,All,2.06,93,21.92,0,#N/A
F,7,Thon Maker,DET,2.16,100,21.43,936,4.45
F,7,Thon Maker,All,2.16,100,21.43,936,4.45
F,8,Markieff Morris,DET,2.08,111,25.66,1520,3.84
F,8,Markieff Morris,All,2.08,111,25.66,1520,3.84
F,19,Svi Mykhailiuk,DET,2.03,93,22.57,234,4.46
F,19,Svi Mykhailiuk,All,2.03,93,22.57,234,4.46
G,25,Derrick Rose,DET,1.91,91,24.94,1596,4.18
G,25,Derrick Rose,All,1.91,91,24.94,1596,4.18
G,17,Tony Snell,DET,2.01,97,24.01,1950,4.2
G,17,Tony Snell,All,2.01,97,24.01,1950,4.2
G,13,Khyri Thomas,DET,1.91,95,26.04,156,4.51
G,13,Khyri Thomas,All,1.91,95,26.04,156,4.51
F,35,Christian Wood,DET,2.08,97,22.42,0,4.31
F,35,Christian Wood,All,2.08,97,22.42,0,4.31
C,88,Goga Bitadze,IND,2.11,111,24.93,390,#N/A
C,88,Goga Bitadze,All,2.11,111,24.93,390,#N/A
F,10,Brian Bowen,IND,2.01,86,21.29,0,#N/A
F,10,Brian Bowen,All,2.01,86,21.29,0,#N/A
C,37,Amida Brimah,IND,2.08,104,24.04,0,#N/A
C,37,Amida Brimah,All,2.08,104,24.04,0,#N/A
G,7,Malcolm Brogdon,IND,1.96,104,27.07,2044,4.25
G,7,Malcolm Brogdon,All,1.96,104,27.07,2044,4.25
G,3,Aaron Holiday,IND,1.85,84,24.54,1404,4.35
G,3,Aaron Holiday,All,1.85,84,24.54,1404,4.35
G/F,8,Justin Holiday,IND,1.98,82,20.92,2184,4.37
G/F,8,Justin Holiday,All,1.98,82,20.92,2184,4.37
F,24,Alize Johnson,IND,2.06,96,22.62,156,4.41
F,24,Alize Johnson,All,2.06,96,22.62,156,4.41
G,26,Jeremy Lamb,IND,1.96,84,21.87,2156,4.35
G,26,Jeremy Lamb,All,1.96,84,21.87,2156,4.35
F,22,TJ Leaf,IND,2.08,102,23.58,390,4.4
F,22,TJ Leaf,All,2.08,102,23.58,390,4.4
G,9,T.J. McConnell,IND,1.88,86,24.33,1170,4.7
G,9,T.J. McConnell,All,1.88,86,24.33,1170,4.7
F,20,Doug McDermott,IND,2.03,102,24.75,1304,4.56
F,20,Doug McDermott,All,2.03,102,24.75,1304,4.56
G,15,Naz Mitrou-Long,IND,1.93,99,26.58,0,4.29
G,15,Naz Mitrou-Long,All,1.93,99,26.58,0,4.29
G,4,Victor Oladipo,IND,1.93,95,25.5,1372,4.28
G,4,Victor Oladipo,All,1.93,95,25.5,1372,4.28
F,11,Domantas Sabonis,IND,2.11,109,24.48,2340,4.23
F,11,Domantas Sabonis,All,2.11,109,24.48,2340,4.23
F,14,JaKarr Sampson,IND,2.06,97,22.86,0,4.31
F,14,JaKarr Sampson,All,2.06,97,22.86,0,4.31
G,5,Edmond Sumner,IND,1.98,80,20.41,360,4.42
G,5,Edmond Sumner,All,1.98,80,20.41,360,4.42
F/C,33,Myles Turner,IND,2.11,113,25.38,2310,4.07
F/C,33,Myles Turner,All,2.11,113,25.38,2310,4.07
F,1,T.J. Warren,IND,2.03,98,23.78,2100,4.18
F,1,T.J. Warren,All,2.03,98,23.78,2100,4.18
G,16,C.J. Wilcox,IND,1.96,88,22.91,0,#N/A
G,16,C.J. Wilcox,All,1.96,88,22.91,0,#N/A
F,34,Giannis Antetokounmpo,MIL,2.11,110,24.71,2618,4.17
F,34,Giannis Antetokounmpo,All,2.11,110,24.71,2618,4.17
F,43,Thanasis Antetokounmpo,MIL,2.01,98,24.26,0,#N/A
F,43,Thanasis Antetokounmpo,All,2.01,98,24.26,0,#N/A
F,17,Dragan Bender,MIL,2.16,102,21.86,0,4.17
F,17,Dragan Bender,All,2.16,102,21.86,0,4.17
G,6,Eric Bledsoe,MIL,1.85,93,27.17,2184,4.26
G,6,Eric Bledsoe,All,1.85,93,27.17,2184,4.26
G,23,Sterling Brown,MIL,1.98,105,26.78,1560,4.43
G,23,Sterling Brown,All,1.98,105,26.78,1560,4.43
G,24,Pat Connaughton,MIL,1.93,95,25.5,1560,4.35
G,24,Pat Connaughton,All,1.93,95,25.5,1560,4.35
G,0,Donte DiVincenzo,MIL,1.93,92,24.7,600,4.46
G,0,Donte DiVincenzo,All,1.93,92,24.7,600,4.46
G,3,George Hill,MIL,1.91,85,23.3,1584,4.25
G,3,George Hill,All,1.91,85,23.3,1584,4.25
F,7,Ersan Ilyasova,MIL,2.08,107,24.73,1001,4.2
F,7,Ersan Ilyasova,All,2.08,107,24.73,1001,4.2
G/F,26,Kyle Korver,MIL,2.01,96,23.76,616,4.44
G/F,26,Kyle Korver,All,2.01,96,23.76,616,4.44
C,11,Brook Lopez,MIL,2.13,122,26.89,2184,3.93
C,11,Brook Lopez,All,2.13,122,26.89,2184,3.93
C,42,Robin Lopez,MIL,2.13,125,27.55,1404,4.09
C,42,Robin Lopez,All,2.13,125,27.55,1404,4.09
G/F,9,Wesley Matthews,MIL,1.96,100,26.03,1332,4.14
G/F,9,Wesley Matthews,All,1.96,100,26.03,1332,4.14
F,22,Khris Middleton,MIL,2.03,101,24.51,2190,4.26
F,22,Khris Middleton,All,2.03,101,24.51,2190,4.26
G/F,13,Cameron Reynolds,MIL,2.03,102,24.75,0,4.49
G/F,13,Cameron Reynolds,All,2.03,102,24.75,0,4.49
G,12,Rayjon Tucker,MIL,1.88,86,24.33,0,#N/A
G,12,Rayjon Tucker,All,1.88,86,24.33,0,#N/A
F,5,D.J. Wilson,MIL,2.08,105,24.27,616,4.51
F,5,D.J. Wilson,All,2.08,105,24.27,616,4.51
G/F,95,DeAndre Bembry,ATL,1.98,95,24.23,1110,#N/A
G/F,95,DeAndre Bembry,All,1.98,95,24.23,1110,#N/A
G,2,Armoni Brooks,ATL,1.91,88,24.12,0,#N/A
G,2,Armoni Brooks,All,1.91,88,24.12,0,#N/A
G,4,Charlie Brown,ATL,2.01,90,22.28,0,#N/A
G,4,Charlie Brown,All,2.01,90,22.28,0,#N/A
G/F,15,Vince Carter,ATL,1.98,100,25.51,616,4.02
G/F,15,Vince Carter,All,1.98,100,25.51,616,4.02
F,20,John Collins,ATL,2.08,107,24.73,2310,4.3
F,20,John Collins,All,2.08,107,24.73,2310,4.3
G/F,33,Allen Crabbe,ATL,1.98,96,24.49,1110,4.24
G/F,33,Allen Crabbe,All,1.98,96,24.49,1110,4.24
F,32,Marcus Derrickson,ATL,2.01,113,27.97,0,4.16
F,32,Marcus Derrickson,All,2.01,113,27.97,0,4.16
F,24,Bruno Fernando,ATL,2.08,106,24.5,390,#N/A
F,24,Bruno Fernando,All,2.08,106,24.5,390,#N/A
C,0,Brandon Goodwin,ATL,1.88,82,23.2,390,4.38
C,0,Brandon Goodwin,All,1.88,82,23.2,390,4.38
G,3,Kevin Huerter,ATL,2.01,86,21.29,2106,4.41
G,3,Kevin Huerter,All,2.01,86,21.29,2106,4.41
F,12,De'Andre Hunter,ATL,2.01,102,25.25,1716,#N/A
F,12,De'Andre Hunter,All,2.01,102,25.25,1716,#N/A
C,30,Damian Jones,ATL,2.13,111,24.47,1260,4.33
C,30,Damian Jones,All,2.13,111,24.47,1260,4.33
C,25,Alex Len,ATL,2.16,113,24.22,1716,4.23
C,25,Alex Len,All,2.16,113,24.22,1716,4.23
G,6,Tahjere McCall,ATL,1.96,86,22.39,0,3.9
G,6,Tahjere McCall,All,1.96,86,22.39,0,3.9
F,5,Jabari Parker,ATL,2.03,111,26.94,1560,4.32
F,5,Jabari Parker,All,2.03,111,26.94,1560,4.32
F,31,Chandler Parsons,ATL,2.08,104,24.04,344,4.04
F,31,Chandler Parsons,All,2.08,104,24.04,344,4.04
G/F,22,Cam Reddish,ATL,2.03,94,22.81,1170,#N/A
G/F,22,Cam Reddish,All,2.03,94,22.81,1170,#N/A
G,8,Jordan Sibert,ATL,1.93,85,22.82,0,4.02
G,8,Jordan Sibert,All,1.93,85,22.82,0,4.02
G/F,1,Evan Turner,ATL,2.01,100,24.75,1386,4.02
G/F,1,Evan Turner,All,2.01,100,24.75,1386,4.02
G,11,Trae Young,ATL,1.88,82,23.2,2496,4.37
G,11,Trae Young,All,1.88,82,23.2,2496,4.37
G/F,7,Dwayne Bacon,CHA,2.01,100,24.75,1716,4.06
G/F,7,Dwayne Bacon,All,2.01,100,24.75,1716,4.06
G/F,5,Nicolas Batum,CHA,2.03,91,22.08,2156,4.33
G/F,5,Nicolas Batum,All,2.03,91,22.08,2156,4.33
C,8,Bismack Biyombo,CHA,2.06,116,27.34,936,4.21
C,8,Bismack Biyombo,All,2.06,116,27.34,936,4.21
F,0,Miles Bridges,CHA,2.01,102,25.25,2184,4.39
F,0,Miles Bridges,All,2.01,102,25.25,2184,4.39
F,22,Robert Franks,CHA,2.03,104,25.24,0,#N/A
F,22,Robert Franks,All,2.03,104,25.24,0,#N/A
G,4,Devonte' Graham,CHA,1.88,84,23.77,1404,4.32
G,4,Devonte' Graham,All,1.88,84,23.77,1404,4.32
C,9,Willy Hernangomez,CHA,2.11,109,24.48,936,4.38
C,9,Willy Hernangomez,All,2.11,109,24.48,936,4.38
G,20,Ahmed Hill,CHA,1.96,93,24.21,0,#N/A
G,20,Ahmed Hill,All,1.96,93,24.21,0,#N/A
F,14,Michael Kidd-Gilchrist,CHA,2.01,105,25.99,1092,4.35
F,14,Michael Kidd-Gilchrist,All,2.01,105,25.99,1092,4.35
F,10,Caleb Martin,CHA,2.01,91,22.52,0,#N/A
F,10,Caleb Martin,All,2.01,91,22.52,0,#N/A
F,11,Cody Martin,CHA,2.01,100,24.75,390,#N/A
F,11,Cody Martin,All,2.01,100,24.75,390,#N/A
F,6,Jalen McDaniels,CHA,2.08,88,20.34,0,#N/A
F,6,Jalen McDaniels,All,2.08,88,20.34,0,#N/A
G,1,Malik Monk,CHA,1.91,91,24.94,1716,4.34
G,1,Malik Monk,All,1.91,91,24.94,1716,4.34
G,3,Terry Rozier,CHA,1.85,86,25.13,2340,4.41
G,3,Terry Rozier,All,1.85,86,25.13,2340,4.41
G,23,Kobi Simmons,CHA,1.96,75,19.52,0,3.08
G,23,Kobi Simmons,All,1.96,75,19.52,0,3.08
F,25,P.J. Washington,CHA,2.03,103,24.99,1569,#N/A
F,25,P.J. Washington,All,2.03,103,24.99,1569,#N/A
F,2,Marvin Williams,CHA,2.06,108,25.45,1716,4.06
F,2,Marvin Williams,All,2.06,108,25.45,1716,4.06
F/C,40,Cody Zeller,CHA,2.13,109,24.03,1525,4.43
F/C,40,Cody Zeller,All,2.13,109,24.03,1525,4.43
F/C,13,Bam Adebayo,MIA,2.08,116,26.81,2184,4.11
F/C,13,Bam Adebayo,All,2.08,116,26.81,2184,4.11
F,17,Kyle Alexander,MIA,2.11,100,22.46,0,#N/A
F,17,Kyle Alexander,All,2.11,100,22.46,0,#N/A
G/F,22,Jimmy Butler,MIA,2.03,105,25.48,2550,4.32
G/F,22,Jimmy Butler,All,2.03,105,25.48,2550,4.32
G,7,Goran Dragic,MIA,1.91,86,23.57,2016,4.35
G,7,Goran Dragic,All,1.91,86,23.57,2016,4.35
F,40,Udonis Haslem,MIA,2.03,107,25.97,156,3.82
F,40,Udonis Haslem,All,2.03,107,25.97,156,3.82
G,14,Tyler Herro,MIA,1.98,88,22.45,1950,#N/A
G,14,Tyler Herro,All,1.98,88,22.45,1950,#N/A
F,16,James Johnson,MIA,2.03,109,26.45,1140,4.06
F,16,James Johnson,All,2.03,109,26.45,1140,4.06
G/F,5,Derrick Jones,MIA,2.01,91,22.52,2118,#N/A
G/F,5,Derrick Jones,All,2.01,91,22.52,2118,#N/A
F/C,0,Meyers Leonard,MIA,2.16,116,24.86,1170,3.89
F/C,0,Meyers Leonard,All,2.16,116,24.86,1170,3.89
G,15,Daryl Macon,MIA,1.91,84,23.03,0,4.16
G,15,Daryl Macon,All,1.91,84,23.03,0,4.16
G,25,Kendrick Nunn,MIA,1.91,88,24.12,0,#N/A
G,25,Kendrick Nunn,All,1.91,88,24.12,0,#N/A
F,4,KZ Okpala,MIA,2.06,95,22.39,624,#N/A
F,4,KZ Okpala,All,2.06,95,22.39,624,#N/A
F,9,Kelly Olynyk,MIA,2.13,109,24.03,1950,4.26
F,9,Kelly Olynyk,All,2.13,109,24.03,1950,4.26
G,2,Davon Reed,MIA,1.96,94,24.47,0,4.51
G,2,Davon Reed,All,1.96,94,24.47,0,4.51
F,55,Duncan Robinson,MIA,2.03,95,23.05,390,4.47
F,55,Duncan Robinson,All,2.03,95,23.05,390,4.47
F,30,Chris Silva,MIA,2.06,102,24.04,0,#N/A
F,30,Chris Silva,All,2.06,102,24.04,0,#N/A
G,11,Dion Waiters,MIA,1.93,98,26.31,1512,3.88
G,11,Dion Waiters,All,1.93,98,26.31,1512,3.88
G/F,20,Justise Winslow,MIA,2.01,102,25.25,1920,4.19
G/F,20,Justise Winslow,All,2.01,102,25.25,1920,4.19
F,2,Al-Farouq Aminu,ORL,2.06,100,23.56,1900,4.25
F,2,Al-Farouq Aminu,All,2.06,100,23.56,1900,4.25
G,14,D.J. Augustin,ORL,1.83,83,24.78,2184,4.17
G,14,D.J. Augustin,All,1.83,83,24.78,2184,4.17
C,5,Mohamed Bamba,ORL,2.16,109,23.36,1140,#N/A
C,5,Mohamed Bamba,All,2.16,109,23.36,1140,#N/A
C,24,Khem Birch,ORL,2.06,100,23.56,624,4.19
C,24,Khem Birch,All,2.06,100,23.56,624,4.19
G,7,Michael Carter-Williams,ORL,1.98,86,21.94,584,4.46
G,7,Michael Carter-Williams,All,1.98,86,21.94,584,4.46
G,17,Jon Davis,ORL,1.88,88,24.9,0,#N/A
G,17,Jon Davis,All,1.88,88,24.9,0,#N/A
G/F,10,Evan Fournier,ORL,2.01,93,23.02,2356,4.34
G/F,10,Evan Fournier,All,2.01,93,23.02,2356,4.34
G/F,35,Melvin Frazier,ORL,1.98,91,23.21,0,#N/A
G/F,35,Melvin Frazier,All,1.98,91,23.21,0,#N/A
G,20,Markelle Fultz,ORL,1.93,91,24.43,1100,4.64
G,20,Markelle Fultz,All,1.93,91,24.43,1100,4.64
F,0,Aaron Gordon,ORL,2.06,100,23.56,2618,4.28
F,0,Aaron Gordon,All,2.06,100,23.56,2618,4.28
F/C,15,Isaac Humphries,ORL,2.13,118,26.01,0,4.65
F/C,15,Isaac Humphries,All,2.13,118,26.01,0,4.65
F,1,Jonathan Isaac,ORL,2.08,95,21.96,2016,4.43
F,1,Jonathan Isaac,All,2.08,95,21.96,2016,4.43
F,25,Wesley Iwundu,ORL,2.01,88,21.78,930,#N/A
F,25,Wesley Iwundu,All,2.01,88,21.78,930,#N/A
F,11,Amile Jefferson,ORL,2.06,101,23.8,0,4.47
F,11,Amile Jefferson,All,2.06,101,23.8,0,4.47
G,19,DaQuan Jeffries,ORL,1.96,104,27.07,0,#N/A
G,19,DaQuan Jeffries,All,1.96,104,27.07,0,#N/A
G,13,B.J. Johnson,ORL,2.01,91,22.52,0,#N/A
G,13,B.J. Johnson,All,2.01,91,22.52,0,#N/A
F,23,Vic Law,ORL,2.01,91,22.52,0,#N/A
F,23,Vic Law,All,2.01,91,22.52,0,#N/A
G,4,Josh Magette,ORL,1.85,73,21.33,0,#N/A
G,4,Josh Magette,All,1.85,73,21.33,0,#N/A
F,3,Chuma Okeke,ORL,2.03,104,25.24,0,#N/A
F,3,Chuma Okeke,All,2.03,104,25.24,0,#N/A
G/F,8,Terrence Ross,ORL,2.01,93,23.02,1872,4.31
G/F,8,Terrence Ross,All,2.01,93,23.02,1872,4.31
C,9,Nikola Vucevic,ORL,2.13,118,26.01,2356,3.92
C,9,Nikola Vucevic,All,2.13,118,26.01,2356,3.92
G,3,Bradley Beal,WAS,1.96,94,24.47,2808,4.19
G,3,Bradley Beal,All,1.96,94,24.47,2808,4.19
F,42,Davis Bertans,WAS,2.08,102,23.58,1950,4.51
F,42,Davis Bertans,All,2.08,102,23.58,1950,4.51
G,17,Isaac Bonga,WAS,2.03,82,19.9,780,4.42
G,17,Isaac Bonga,All,2.03,82,19.9,780,4.42
F,6,Troy Brown,WAS,2.01,98,24.26,1560,#N/A
F,6,Troy Brown,All,2.01,98,24.26,1560,#N/A
C,13,Thomas Bryant,WAS,2.11,112,25.16,1950,4.22
C,13,Thomas Bryant,All,2.11,112,25.16,1950,4.22
G,9,Chris Chiozza,WAS,1.83,79,23.59,156,4.28
G,9,Chris Chiozza,All,1.83,79,23.59,156,4.28
F,8,Rui Hachimura,WAS,2.03,104,25.24,1872,#N/A
F,8,Rui Hachimura,All,2.03,104,25.24,1872,#N/A
C,28,Ian Mahinmi,WAS,2.11,119,26.73,275,4.18
C,28,Ian Mahinmi,All,2.11,119,26.73,275,4.18
G,24,Garrison Mathews,WAS,1.96,93,24.21,0,#N/A
G,24,Garrison Mathews,All,1.96,93,24.21,0,#N/A
G,52,Jordan McRae,WAS,1.96,81,21.08,536,3.94
G,52,Jordan McRae,All,1.96,81,21.08,536,3.94
G/F,34,C.J. Miles,WAS,1.98,102,26.02,1520,#N/A
G/F,34,C.J. Miles,All,1.98,102,26.02,1520,#N/A
G,5,Justin Robinson,WAS,1.88,88,24.9,156,#N/A
G,5,Justin Robinson,All,1.88,88,24.9,156,#N/A
F,1,Admiral Schofield,WAS,1.98,109,27.8,936,#N/A
F,1,Admiral Schofield,All,1.98,109,27.8,936,#N/A
G,14,Ishmael Smith,WAS,1.83,79,23.59,2310,#N/A
G,14,Ishmael Smith,All,1.83,79,23.59,2310,#N/A
G,4,Isaiah Thomas,WAS,1.75,84,27.43,1296,4.02
G,4,Isaiah Thomas,All,1.75,84,27.43,1296,4.02
C,21,Moritz Wagner,WAS,2.11,111,24.93,1575,4.23
C,21,Moritz Wagner,All,2.11,111,24.93,1575,4.23
G,2,John Wall,WAS,1.93,95,25.5,0,3.64
G,2,John Wall,All,1.93,95,25.5,0,3.64
G,5,Jose Juan Barea,DAL,1.83,84,25.08,744,#N/A
G,5,Jose Juan Barea,All,1.83,84,25.08,744,#N/A
G/F,45,Ryan Broekhoff,DAL,2.01,98,24.26,234,4.39
G/F,45,Ryan Broekhoff,All,2.01,98,24.26,234,4.39
G,13,Jalen Brunson,DAL,1.91,86,23.57,1716,4.45
G,13,Jalen Brunson,All,1.91,86,23.57,1716,4.45
G,3,Antonius Cleveland,DAL,1.98,90,22.96,0,#N/A
G,3,Antonius Cleveland,All,1.98,90,22.96,0,#N/A
G,30,Seth Curry,DAL,1.88,84,23.77,1293,4.18
G,30,Seth Curry,All,1.88,84,23.77,1293,4.18
G,77,Luka Doncic,DAL,2.01,99,24.5,2496,4.06
G,77,Luka Doncic,All,2.01,99,24.5,2496,4.06
F,10,Dorian Finney-Smith,DAL,2.03,100,24.27,1440,4.34
F,10,Dorian Finney-Smith,All,2.03,100,24.27,1440,4.34
G,11,Tim Hardaway Jr.,DAL,1.98,93,23.72,2250,4.1
G,11,Tim Hardaway Jr.,All,1.98,93,23.72,2250,4.1
F,42,Maxi Kleber,DAL,2.11,109,24.48,1872,4.14
F,42,Maxi Kleber,All,2.11,109,24.48,1872,4.14
G,1,Courtney Lee,DAL,1.96,98,25.51,380,4.28
G,1,Courtney Lee,All,1.96,98,25.51,380,4.28
C,51,Boban Marjanovic,DAL,2.21,132,27.03,780,4.08
C,51,Boban Marjanovic,All,2.21,132,27.03,780,4.08
F/C,6,Kristaps Porzingis,DAL,2.21,109,22.32,1530,#N/A
F/C,6,Kristaps Porzingis,All,2.21,109,22.32,1530,#N/A
F/C,7,Dwight Powell,DAL,2.11,109,24.48,1950,4.27
F/C,7,Dwight Powell,All,2.11,109,24.48,1950,4.27
G,23,Josh Reaves,DAL,1.93,95,25.5,0,#N/A
G,23,Josh Reaves,All,1.93,95,25.5,0,#N/A
F,9,Isaiah Roby,DAL,2.03,104,25.24,0,#N/A
F,9,Isaiah Roby,All,2.03,104,25.24,0,#N/A
G,55,Delon Wright,DAL,1.96,83,21.61,1825,4.5
G,55,Delon Wright,All,1.96,83,21.61,1825,4.5
F,33,Ryan Anderson,HOU,2.08,109,25.19,0,4.2
F,33,Ryan Anderson,All,2.08,109,25.19,0,4.2
F,7,Jaron Blossomgame,HOU,2.01,100,24.75,0,4.38
F,7,Jaron Blossomgame,All,2.01,100,24.75,0,4.38
C,15,Clint Capela,HOU,2.08,109,25.19,2475,4.07
C,15,Clint Capela,All,2.08,109,25.19,2475,4.07
C,19,Tyson Chandler,HOU,2.16,109,23.36,924,3.9
C,19,Tyson Chandler,All,2.16,109,23.36,924,3.9
F,6,Gary Clark,HOU,2.03,102,24.75,624,4.05
F,6,Gary Clark,All,2.03,102,24.75,624,4.05
G,3,Chris Clemons,HOU,1.75,82,26.78,0,#N/A
G,3,Chris Clemons,All,1.75,82,26.78,0,#N/A
G,21,Michael Frazier,HOU,1.93,91,24.43,0,#N/A
G,21,Michael Frazier,All,1.93,91,24.43,0,#N/A
G,10,Eric Gordon,HOU,1.93,98,26.31,2432,3.75
G,10,Eric Gordon,All,1.93,98,26.31,2432,3.75
G/F,14,Gerald Green,HOU,2.01,93,23.02,0,4.21
G/F,14,Gerald Green,All,2.01,93,23.02,0,4.21
G,13,James Harden,HOU,1.96,100,26.03,2808,3.63
G,13,James Harden,All,1.96,100,26.03,2808,3.63
F/C,55,Isaiah Hartenstein,HOU,2.13,113,24.91,156,4.47
F/C,55,Isaiah Hartenstein,All,2.13,113,24.91,156,4.47
G/F,4,Danuel House,HOU,2.01,94,23.27,1824,#N/A
G/F,4,Danuel House,All,2.01,94,23.27,1824,#N/A
G,16,Ben McLemore,HOU,1.96,88,22.91,0,4.74
G,16,Ben McLemore,All,1.96,88,22.91,0,4.74
F/C,42,Nenê Hilario,HOU,2.11,113,25.38,146,#N/A
F/C,42,Nenê Hilario,All,2.11,113,25.38,146,#N/A
G,2,Shamorie Ponds,HOU,1.85,82,23.96,0,#N/A
G,2,Shamorie Ponds,All,1.85,82,23.96,0,#N/A
G,25,Austin Rivers,HOU,1.93,91,24.43,1900,4.05
G,25,Austin Rivers,All,1.93,91,24.43,1900,4.05
F,18,Thabo Sefolosha,HOU,2.01,100,24.75,1009,4.38
F,18,Thabo Sefolosha,All,2.01,100,24.75,1009,4.38
F,17,P.J. Tucker,HOU,1.98,111,28.31,2652,#N/A
F,17,P.J. Tucker,All,1.98,111,28.31,2652,#N/A
G,0,Russell Westbrook,HOU,1.91,91,24.94,2730,3.97
G,0,Russell Westbrook,All,1.91,91,24.94,2730,3.97
G,3,Grayson Allen,MEM,1.96,90,23.43,1191,4.38
G,3,Grayson Allen,All,1.96,90,23.43,1191,4.38
F,1,Kyle Anderson,MEM,2.06,104,24.51,1776,4.16
F,1,Kyle Anderson,All,2.06,104,24.51,1776,4.16
G/F,24,Dillon Brooks,MEM,1.98,100,25.51,1420,4.18
G/F,24,Dillon Brooks,All,1.98,100,25.51,1420,4.18
F,5,Bruno Caboclo,MEM,2.06,99,23.33,1248,4.41
F,5,Bruno Caboclo,All,2.06,99,23.33,1248,4.41
F,15,Brandon Clarke,MEM,2.03,94,22.81,1560,#N/A
F,15,Brandon Clarke,All,2.03,94,22.81,1560,#N/A
F,99,Jae Crowder,MEM,1.98,107,27.29,1560,4.15
F,99,Jae Crowder,All,1.98,107,27.29,1560,4.15
G/F,23,Marko Guduric,MEM,2.01,95,23.51,1560,#N/A
G/F,23,Marko Guduric,All,2.01,95,23.51,1560,#N/A
F,44,Solomon Hill,MEM,2.01,102,25.25,350,4.28
F,44,Solomon Hill,All,2.01,102,25.25,350,4.28
G/F,9,Andre Iguodala,MEM,1.98,98,25,0,4.1
G/F,9,Andre Iguodala,All,1.98,98,25,0,4.1
F/C,13,Jaren Jackson Jr.,MEM,2.11,110,24.71,2156,4.22
F/C,13,Jaren Jackson Jr.,All,2.11,110,24.71,2156,4.22
F,20,Josh Jackson,MEM,2.03,91,22.08,0,4.21
F,20,Josh Jackson,All,2.03,91,22.08,0,4.21
G,21,Tyus Jones,MEM,1.88,89,25.18,1872,4.28
G,21,Tyus Jones,All,1.88,89,25.18,1872,4.28
G,46,John Konchar,MEM,1.96,95,24.73,0,#N/A
G,46,John Konchar,All,1.96,95,24.73,0,#N/A
F,0,De'Anthony Melton,MEM,1.93,91,24.43,340,4.42
F,0,De'Anthony Melton,All,1.93,91,24.43,340,4.42
G,12,Ja Morant,MEM,1.91,79,21.66,2184,#N/A
G,12,Ja Morant,All,1.91,79,21.66,2184,#N/A
F/C,25,Miles Plumlee,MEM,2.11,113,25.38,335,4.57
F/C,25,Miles Plumlee,All,2.11,113,25.38,335,4.57
F,10,Ivan Rabb,MEM,2.08,100,23.11,0,4.3
F,10,Ivan Rabb,All,2.08,100,23.11,0,4.3
C,17,Jonas Valanciunas,MEM,2.13,120,26.45,2128,4.02
C,17,Jonas Valanciunas,All,2.13,120,26.45,2128,4.02
G/F,18,Yuta Watanabe,MEM,2.06,93,21.92,0,4.47
G/F,18,Yuta Watanabe,All,2.06,93,21.92,0,4.47
G,6,Jalen Adams,NOP,1.91,88,24.12,0,#N/A
G,6,Jalen Adams,All,1.91,88,24.12,0,#N/A
G,0,Nickeil Alexander-Walker,NOP,1.96,93,24.21,390,#N/A
G,0,Nickeil Alexander-Walker,All,1.96,93,24.21,390,#N/A
G,2,Lonzo Ball,NOP,1.98,86,21.94,1988,4.38
G,2,Lonzo Ball,All,1.98,86,21.94,1988,4.38
G,9,Javon Bess,NOP,1.98,100,25.51,0,#N/A
G,9,Javon Bess,All,1.98,100,25.51,0,#N/A
C,13,Kavell Bigby-Williams,NOP,2.11,113,25.38,0,#N/A
C,13,Kavell Bigby-Williams,All,2.11,113,25.38,0,#N/A
F,45,Zylan Cheatham,NOP,2.03,100,24.27,0,#N/A
F,45,Zylan Cheatham,All,2.03,100,24.27,0,#N/A
F/C,22,Derrick Favors,NOP,2.08,120,27.74,2100,4.34
F/C,22,Derrick Favors,All,2.08,120,27.74,2100,4.34
G,5,Josh Gray,NOP,1.85,82,23.96,0,#N/A
G,5,Josh Gray,All,1.85,82,23.96,0,#N/A
G,3,Josh Hart,NOP,1.96,98,25.51,1694,4.33
G,3,Josh Hart,All,1.96,98,25.51,1694,4.33
C,10,Jaxson Hayes,NOP,2.11,100,22.46,780,#N/A
C,10,Jaxson Hayes,All,2.11,100,22.46,780,#N/A
G,11,Jrue Holiday,NOP,1.93,93,24.97,2618,4.32
G,11,Jrue Holiday,All,1.93,93,24.97,2618,4.32
F,14,Brandon Ingram,NOP,2.06,86,20.27,2294,4.31
F,14,Brandon Ingram,All,2.06,86,20.27,2294,4.31
G,15,Frank Jackson,NOP,1.91,93,25.49,325,4.46
G,15,Frank Jackson,All,1.91,93,25.49,325,4.46
F,20,Nicolo Melli,NOP,2.06,107,25.21,624,#N/A
F,20,Nicolo Melli,All,2.06,107,25.21,624,#N/A
F,21,Darius Miller,NOP,2.03,102,24.75,0,3.96
F,21,Darius Miller,All,2.03,102,24.75,0,3.96
G,55,E'Twaun Moore,NOP,1.93,87,23.36,380,4.42
G,55,E'Twaun Moore,All,1.93,87,23.36,380,4.42
C,8,Jahlil Okafor,NOP,2.11,125,28.08,912,4.3
C,8,Jahlil Okafor,All,2.11,125,28.08,912,4.3
G,4,J.J. Redick,NOP,1.93,91,24.43,2156,#N/A
G,4,J.J. Redick,All,1.93,91,24.43,2156,#N/A
G/F,34,Kenrich Williams,NOP,2.01,95,23.51,923,4.5
G/F,34,Kenrich Williams,All,2.01,95,23.51,923,4.5
F,1,Zion Williamson,NOP,2.01,129,31.93,2496,#N/A
F,1,Zion Williamson,All,2.01,129,31.93,2496,#N/A
F,12,LaMarcus Aldridge,SAS,2.11,118,26.5,2541,4.05
F,12,LaMarcus Aldridge,All,2.11,118,26.5,2541,4.05
G/F,18,Marco Belinelli,SAS,1.96,95,24.73,780,4.48
G/F,18,Marco Belinelli,All,1.96,95,24.73,780,4.48
F,77,DeMarre Carroll,SAS,2.03,98,23.78,1824,4.04
F,77,DeMarre Carroll,All,2.03,98,23.78,1824,4.04
G,10,DeMar DeRozan,SAS,2.01,100,24.75,2730,4.18
G,10,DeMar DeRozan,All,2.01,100,24.75,2730,4.18
F,14,Drew Eubanks,SAS,2.08,111,25.66,0,4.17
F,14,Drew Eubanks,All,2.08,111,25.66,0,4.17
G,11,Bryn Forbes,SAS,1.91,86,23.57,1655,4.3
G,11,Bryn Forbes,All,1.91,86,23.57,1655,4.3
F,22,Rudy Gay,SAS,2.03,104,25.24,1755,4.18
F,22,Rudy Gay,All,2.03,104,25.24,1755,4.18
F,3,Keldon Johnson,SAS,1.98,96,24.49,234,#N/A
F,3,Keldon Johnson,All,1.98,96,24.49,234,#N/A
F,17,Dedric Lawson,SAS,2.06,104,24.51,0,#N/A
F,17,Dedric Lawson,All,2.06,104,24.51,0,#N/A
F,41,Trey Lyles,SAS,2.08,106,24.5,780,4.08
F,41,Trey Lyles,All,2.08,106,24.5,780,4.08
F,7,Chimezie Metu,SAS,2.08,102,23.58,0,4.25
F,7,Chimezie Metu,All,2.08,102,23.58,0,4.25
G,8,Patrick Mills,SAS,1.83,82,24.49,1404,#N/A
G,8,Patrick Mills,All,1.83,82,24.49,1404,#N/A
G,5,Dejounte Murray,SAS,1.96,77,20.04,1488,#N/A
G,5,Dejounte Murray,All,1.96,77,20.04,1488,#N/A
C,25,Jakob Poeltl,SAS,2.13,104,22.92,1560,4.48
C,25,Jakob Poeltl,All,2.13,104,22.92,1560,4.48
F,19,Luka Samanic,SAS,2.11,103,23.14,234,#N/A
F,19,Luka Samanic,All,2.11,103,23.14,234,#N/A
G,1,Lonnie Walker,SAS,1.96,93,24.21,770,#N/A
G,1,Lonnie Walker,All,1.96,93,24.21,770,#N/A
G,15,Quinndary Weatherspoon,SAS,1.93,94,25.24,0,#N/A
G,15,Quinndary Weatherspoon,All,1.93,94,25.24,0,#N/A
G,4,Derrick White,SAS,1.93,86,23.09,1925,4.4
G,4,Derrick White,All,1.93,86,23.09,1925,4.4
G,5,Will Barton,DEN,1.98,86,21.94,1800,4.17
G,5,Will Barton,All,1.98,86,21.94,1800,4.17
G,25,Malik Beasley,DEN,1.96,88,22.91,1560,4.14
G,25,Malik Beasley,All,1.96,88,22.91,1560,4.14
C,10,Bol Bol,DEN,2.18,94,19.78,0,#N/A
C,10,Bol Bol,All,2.18,94,19.78,0,#N/A
F,31,Vlatko Cancar,DEN,2.06,91,21.44,0,#N/A
F,31,Vlatko Cancar,All,2.06,91,21.44,0,#N/A
F,34,Tyler Cook,DEN,2.06,113,26.63,0,#N/A
F,34,Tyler Cook,All,2.06,113,26.63,0,#N/A
F,3,Torrey Craig,DEN,2.01,98,24.26,1347,4.42
F,3,Torrey Craig,All,2.01,98,24.26,1347,4.42
G,35,PJ Dozier,DEN,1.98,93,23.72,0,4.05
G,35,PJ Dozier,All,1.98,93,23.72,0,4.05
F,9,Jerami Grant,DEN,2.06,100,23.56,1716,4.31
F,9,Jerami Grant,All,2.06,100,23.56,1716,4.31
G,14,Gary Harris,DEN,1.93,95,25.5,2059,4.18
G,14,Gary Harris,All,1.93,95,25.5,2059,4.18
F,41,Juan Hernangomez,DEN,2.06,104,24.51,624,#N/A
F,41,Juan Hernangomez,All,2.06,104,24.51,624,#N/A
C,15,Nikola Jokic,DEN,2.13,113,24.91,2418,3.95
C,15,Nikola Jokic,All,2.13,113,24.91,2418,3.95
F,4,Paul Millsap,DEN,2.03,112,27.18,1820,4.05
F,4,Paul Millsap,All,2.03,112,27.18,1820,4.05
G,11,Monte Morris,DEN,1.91,79,21.66,1716,4.29
G,11,Monte Morris,All,1.91,79,21.66,1716,4.29
G,27,Jamal Murray,DEN,1.93,94,25.24,2496,4.4
G,27,Jamal Murray,All,1.93,94,25.24,2496,4.4
F/C,24,Mason Plumlee,DEN,2.11,107,24.03,1404,4.16
F/C,24,Mason Plumlee,All,2.11,107,24.03,1404,4.16
F,1,Michael Porter,DEN,2.08,95,21.96,580,#N/A
F,1,Michael Porter,All,2.08,95,21.96,580,#N/A
F,8,Jarred Vanderbilt,DEN,2.06,97,22.86,140,4.5
F,8,Jarred Vanderbilt,All,2.06,97,22.86,140,4.5
C,45,Tyler Zeller,DEN,2.13,115,25.35,0,4.17
C,45,Tyler Zeller,All,2.13,115,25.35,0,4.17
F,31,Keita Bates-Diop,MIN,2.06,104,24.51,385,4.22
F,31,Keita Bates-Diop,All,2.06,104,24.51,385,4.22
F,7,Jordan Bell,MIN,2.06,102,24.04,616,4.19
F,7,Jordan Bell,All,2.06,102,24.04,616,4.19
F,33,Robert Covington,MIN,2.06,108,25.45,2160,4.1
F,33,Robert Covington,All,2.06,108,25.45,2160,4.1
G,23,Jarrett Culver,MIN,2.01,88,21.78,1872,#N/A
G,23,Jarrett Culver,All,2.01,88,21.78,1872,#N/A
C,5,Gorgui Dieng,MIN,2.11,114,25.61,390,4.18
C,5,Gorgui Dieng,All,2.11,114,25.61,390,4.18
G/F,12,Treveon Graham,MIN,1.96,102,26.55,589,4.45
G/F,12,Treveon Graham,All,1.96,102,26.55,589,4.45
F,10,Jake Layman,MIN,2.06,98,23.09,1560,4.48
F,10,Jake Layman,All,2.06,98,23.09,1560,4.48
F,30,Kelan Martin,MIN,2.01,100,24.75,0,#N/A
F,30,Kelan Martin,All,2.01,100,24.75,0,#N/A
G,6,Jordan McLaughlin,MIN,1.85,84,24.54,0,#N/A
G,6,Jordan McLaughlin,All,1.85,84,24.54,0,#N/A
G,13,Shabazz Napier,MIN,1.85,82,23.96,1326,4.17
G,13,Shabazz Napier,All,1.85,82,23.96,1326,4.17
G,4,Jaylen Nowell,MIN,1.93,92,24.7,390,#N/A
G,4,Jaylen Nowell,All,1.93,92,24.7,390,#N/A
G,20,Josh Okogie,MIN,1.93,96,25.77,1404,4.4
G,20,Josh Okogie,All,1.93,96,25.77,1404,4.4
C,11,Naz Reid,MIN,2.08,113,26.12,234,#N/A
C,11,Naz Reid,All,2.08,113,26.12,234,#N/A
G,0,Jeff Teague,MIN,1.88,88,24.9,2220,3.67
G,0,Jeff Teague,All,1.88,88,24.9,2220,3.67
C,32,Karl-Anthony Towns,MIN,2.13,112,24.69,2574,4.01
C,32,Karl-Anthony Towns,All,2.13,112,24.69,2574,4.01
F,1,Noah Vonleh,MIN,2.06,113,26.63,1386,4.24
F,1,Noah Vonleh,All,2.06,113,26.63,1386,4.24
G,3,Tyrone Wallace,MIN,1.96,90,23.43,0,4.61
G,3,Tyrone Wallace,All,1.96,90,23.43,0,4.61
G/F,22,Andrew Wiggins,MIN,2.03,88,21.35,2574,4.04
G/F,22,Andrew Wiggins,All,2.03,88,21.35,2574,4.04
C,12,Steven Adams,OKC,2.13,120,26.45,2574,4.09
C,12,Steven Adams,All,2.13,120,26.45,2574,4.09
F,7,Darius Bazley,OKC,2.03,94,22.81,156,#N/A
F,7,Darius Bazley,All,2.03,94,22.81,156,#N/A
G/F,30,Deonte Burton,OKC,1.96,109,28.37,780,4.22
G/F,30,Deonte Burton,All,1.96,109,28.37,780,4.22
G,6,Hamidou Diallo,OKC,1.96,92,23.95,1438,4.39
G,6,Hamidou Diallo,All,1.96,92,23.95,1438,4.39
G,5,Luguentz Dort,OKC,1.93,98,26.31,234,#N/A
G,5,Luguentz Dort,All,1.93,98,26.31,234,#N/A
G/F,23,Terrance Ferguson,OKC,2.01,86,21.29,1950,4.33
G/F,23,Terrance Ferguson,All,2.01,86,21.29,1950,4.33
G,14,Abdul Gaddy,OKC,1.91,91,24.94,0,#N/A
G,14,Abdul Gaddy,All,1.91,91,24.94,0,#N/A
F,8,Danilo Gallinari,OKC,2.08,106,24.5,1920,4.08
F,8,Danilo Gallinari,All,2.08,106,24.5,1920,4.08
G,2,Shai Gilgeous-Alexander,OKC,1.98,82,20.92,2184,4.48
G,2,Shai Gilgeous-Alexander,All,1.98,82,20.92,2184,4.48
G,22,Devon Hall,OKC,1.96,98,25.51,0,#N/A
G,22,Devon Hall,All,1.96,98,25.51,0,#N/A
F,15,Myke Henry,OKC,1.98,98,25,0,#N/A
F,15,Myke Henry,All,1.98,98,25,0,#N/A
F/C,25,Eric Moreland,OKC,2.08,109,25.19,0,4.13
F/C,25,Eric Moreland,All,2.08,109,25.19,0,4.13
F/C,33,Mike Muscala,OKC,2.11,109,24.48,1500,4.49
F/C,33,Mike Muscala,All,2.11,109,24.48,1500,4.49
G,11,Abdel Nader,OKC,1.98,102,26.02,1092,4.47
G,11,Abdel Nader,All,1.98,102,26.02,1092,4.47
F/C,9,Nerlens Noel,OKC,2.11,100,22.46,980,4.24
F/C,9,Nerlens Noel,All,2.11,100,22.46,980,4.24
C,13,Justin Patton,OKC,2.13,109,24.03,0,4.45
C,13,Justin Patton,All,2.13,109,24.03,0,4.45
G,3,Chris Paul,OKC,1.83,79,23.59,2272,3.78
G,3,Chris Paul,All,1.83,79,23.59,2272,3.78
G/F,21,Andre Roberson,OKC,2.01,95,23.51,1040,#N/A
G/F,21,Andre Roberson,All,2.01,95,23.51,1040,#N/A
G,17,Dennis Schroeder,OKC,1.85,78,22.79,1560,#N/A
G,17,Dennis Schroeder,All,1.85,78,22.79,1560,#N/A
G,24,Kent Bazemore,POR,1.96,91,23.69,1800,4.36
G,24,Kent Bazemore,All,1.96,91,23.69,1800,4.36
F,11,Keljin Blevins,POR,1.98,91,23.21,0,#N/A
F,11,Keljin Blevins,All,1.98,91,23.21,0,#N/A
C,4,Moses Brown,POR,2.16,111,23.79,0,#N/A
C,4,Moses Brown,All,2.16,111,23.79,0,#N/A
G,10,Troy Caupain,POR,1.93,95,25.5,0,4.24
G,10,Troy Caupain,All,1.93,95,25.5,0,4.24
F/C,33,Zach Collins,POR,2.13,107,23.58,1950,4.18
F/C,33,Zach Collins,All,2.13,107,23.58,1950,4.18
F/C,16,Pau Gasol,POR,2.13,113,24.91,1008,4.11
F/C,16,Pau Gasol,All,2.13,113,24.91,1008,4.11
F,44,Mario Hezonja,POR,2.03,102,24.75,1170,4.31
F,44,Mario Hezonja,All,2.03,102,24.75,1170,4.31
F,6,Jaylen Hoard,POR,2.03,98,23.78,0,#N/A
F,6,Jaylen Hoard,All,2.03,98,23.78,0,#N/A
F,5,Rodney Hood,POR,2.03,93,22.57,2044,4.2
F,5,Rodney Hood,All,2.03,93,22.57,2044,4.2
F,17,Skal Labissiere,POR,2.11,107,24.03,390,4.31
F,17,Skal Labissiere,All,2.11,107,24.03,390,4.31
G,0,Damian Lillard,POR,1.91,88,24.12,2730,3.99
G,0,Damian Lillard,All,1.91,88,24.12,2730,3.99
F,9,Nassir Little,POR,1.98,100,25.51,156,#N/A
F,9,Nassir Little,All,1.98,100,25.51,156,#N/A
G,3,C.J. McCollum,POR,1.91,86,23.57,2652,#N/A
G,3,C.J. McCollum,All,1.91,86,23.57,2652,#N/A
C,27,Jusuf Nurkic,POR,2.13,125,27.55,700,4.08
C,27,Jusuf Nurkic,All,2.13,125,27.55,700,4.08
G,8,London Perrantes,POR,1.88,86,24.33,0,#N/A
G,8,London Perrantes,All,1.88,86,24.33,0,#N/A
G,1,Anfernee Simons,POR,1.93,84,22.55,1560,4.35
G,1,Anfernee Simons,All,1.93,84,22.55,1560,4.35
F,43,Anthony Tolliver,POR,2.03,113,27.42,1170,4.32
F,43,Anthony Tolliver,All,2.03,113,27.42,1170,4.32
G,2,Gary Trent Jr.,POR,1.98,93,23.72,222,4.1
G,2,Gary Trent Jr.,All,1.98,93,23.72,222,4.1
C,21,Hassan Whiteside,POR,2.13,120,26.45,2128,3.91
C,21,Hassan Whiteside,All,2.13,120,26.45,2128,3.91
F,44,Bojan Bogdanovic,UTA,2.03,98,23.78,2496,4.13
F,44,Bojan Bogdanovic,All,2.03,98,23.78,2496,4.13
C,13,Tony Bradley,UTA,2.08,112,25.89,154,4.34
C,13,Tony Bradley,All,2.08,112,25.89,154,4.34
F,5,Jarrell Brantley,UTA,2.01,113,27.97,0,#N/A
F,5,Jarrell Brantley,All,2.01,113,27.97,0,#N/A
G,10,Mike Conley,UTA,1.85,79,23.08,2112,4.31
G,10,Mike Conley,All,1.85,79,23.08,2112,4.31
C,17,Ed Davis,UTA,2.08,102,23.58,1292,4.19
C,17,Ed Davis,All,2.08,102,23.58,1292,4.19
G,11,Dante Exum,UTA,1.98,86,21.94,1026,4.61
G,11,Dante Exum,All,1.98,86,21.94,1026,4.61
C,27,Rudy Gobert,UTA,2.16,111,23.79,2464,4.19
C,27,Rudy Gobert,All,2.16,111,23.79,2464,4.19
F,22,Jeff Green,UTA,2.06,107,25.21,1155,3.81
F,22,Jeff Green,All,2.06,107,25.21,1155,3.81
G/F,42,William Howard,UTA,2.03,94,22.81,0,#N/A
G/F,42,William Howard,All,2.03,94,22.81,0,#N/A
F,2,Joe Ingles,UTA,2.03,103,24.99,2340,4.25
F,2,Joe Ingles,All,2.03,103,24.99,2340,4.25
F,15,Stanton Kidd,UTA,2.01,98,24.26,0,#N/A
F,15,Stanton Kidd,All,2.01,98,24.26,0,#N/A
G,45,Donovan Mitchell,UTA,1.91,98,26.86,2652,4.08
G,45,Donovan Mitchell,All,1.91,98,26.86,2652,4.08
F,16,Juwan Morgan,UTA,2.03,105,25.48,0,#N/A
F,16,Juwan Morgan,All,2.03,105,25.48,0,#N/A
G,8,Emmanuel Mudiay,UTA,1.96,91,23.69,1350,4.45
G,8,Emmanuel Mudiay,All,1.96,91,23.69,1350,4.45
F,31,Georges Niang,UTA,2.03,104,25.24,780,4.43
F,31,Georges Niang,All,2.03,104,25.24,780,4.43
F,23,Royce O'Neale,UTA,1.98,103,26.27,1547,4.37
F,23,Royce O'Neale,All,1.98,103,26.27,1547,4.37
G,24,Miye Oni,UTA,1.98,93,23.72,156,#N/A
G,24,Miye Oni,All,1.98,93,23.72,156,#N/A
G,0,Nigel Williams-Goss,UTA,1.91,86,23.57,156,#N/A
G,0,Nigel Williams-Goss,All,1.91,86,23.57,156,#N/A
G,3,Justin Wright-Foreman,UTA,1.88,86,24.33,0,#N/A
G,3,Justin Wright-Foreman,All,1.88,86,24.33,0,#N/A
G,12,Ky Bowman,GSW,1.85,85,24.84,0,#N/A
G,12,Ky Bowman,All,1.85,85,24.84,0,#N/A
G,8,Alec Burks,GSW,1.98,97,24.74,1672,4.22
G,8,Alec Burks,All,1.98,97,24.74,1672,4.22
C,2,Willie Cauley-Stein,GSW,2.13,109,24.03,1460,4.16
C,2,Willie Cauley-Stein,All,2.13,109,24.03,1460,4.16
F,32,Marquese Chriss,GSW,2.08,109,25.19,624,4.27
F,32,Marquese Chriss,All,2.08,109,25.19,624,4.27
G,30,Stephen Curry,GSW,1.91,86,23.57,2516,4.34
G,30,Stephen Curry,All,1.91,86,23.57,2516,4.34
G,10,Jacob Evans,GSW,1.98,95,24.23,780,4.51
G,10,Jacob Evans,All,1.98,95,24.23,780,4.51
F,23,Draymond Green,GSW,2.01,104,25.74,2432,3.82
F,23,Draymond Green,All,2.01,104,25.74,2432,3.82
F,33,Andrew Harrison,GSW,1.98,97,24.74,0,4.03
F,33,Andrew Harrison,All,1.98,97,24.74,0,4.03
G/F,1,Damion Lee,GSW,1.98,95,24.23,546,4.71
G/F,1,Damion Lee,All,1.98,95,24.23,546,4.71
F/C,5,Kevon Looney,GSW,2.06,100,23.56,1560,4.3
F/C,5,Kevon Looney,All,2.06,100,23.56,1560,4.3
F,28,Alfonzo McKinnie,GSW,2.03,98,23.78,390,4.68
F,28,Alfonzo McKinnie,All,2.03,98,23.78,390,4.68
F,7,Eric Paschall,GSW,2.01,115,28.46,866,#N/A
F,7,Eric Paschall,All,2.01,115,28.46,866,#N/A
C,–,Kavion Pippen,GSW,2.08,109,25.19,0,#N/A
C,–,Kavion Pippen,All,2.08,109,25.19,0,#N/A
G,3,Jordan Poole,GSW,1.96,87,22.65,866,#N/A
G,3,Jordan Poole,All,1.96,87,22.65,866,#N/A
G/F,22,Glenn Robinson III,GSW,1.98,101,25.76,1656,4.66
G/F,22,Glenn Robinson III,All,1.98,101,25.76,1656,4.66
G,0,D'Angelo Russell,GSW,1.96,90,23.43,2368,4.14
G,0,D'Angelo Russell,All,1.96,90,23.43,2368,4.14
F,6,Alen Smailagic,GSW,2.08,98,22.65,390,#N/A
F,6,Alen Smailagic,All,2.08,98,22.65,390,#N/A
F,4,Omari Spellman,GSW,2.06,111,26.16,924,4.46
F,4,Omari Spellman,All,2.06,111,26.16,924,4.46
G,11,Klay Thompson,GSW,2.01,98,24.26,630,4.28
G,11,Klay Thompson,All,2.01,98,24.26,630,4.28
F,95,Juan Toscano-Anderson,GSW,1.98,98,25,0,#N/A
F,95,Juan Toscano-Anderson,All,1.98,98,25,0,#N/A
G,21,Patrick Beverley,LAC,1.85,84,24.54,1885,4.4
G,21,Patrick Beverley,All,1.85,84,24.54,1885,4.4
G/F,7,Amir Coffey,LAC,2.03,95,23.05,0,#N/A
G/F,7,Amir Coffey,All,2.03,95,23.05,0,#N/A
F,13,Paul George,LAC,2.06,100,23.56,2244,4.09
F,13,Paul George,All,2.06,100,23.56,2244,4.09
F,4,JaMychal Green,LAC,2.06,103,24.27,1500,4.27
F,4,JaMychal Green,All,2.06,103,24.27,1500,4.27
F,8,Maurice Harkless,LAC,2.06,100,23.56,1650,4.25
F,8,Maurice Harkless,All,2.06,100,23.56,1650,4.25
F/C,5,Montrezl Harrell,LAC,2.03,109,26.45,2028,3.93
F/C,5,Montrezl Harrell,All,2.03,109,26.45,2028,3.93
F,25,Mfiondu Kabengele,LAC,2.08,116,26.81,234,#N/A
F,25,Mfiondu Kabengele,All,2.08,116,26.81,234,#N/A
F,2,Kawhi Leonard,LAC,2.01,104,25.74,2108,4.23
F,2,Kawhi Leonard,All,2.01,104,25.74,2108,4.23
F,14,Terance Mann,LAC,2.01,98,24.26,390,#N/A
F,14,Terance Mann,All,2.01,98,24.26,390,#N/A
G/F,19,Rodney McGruder,LAC,1.93,91,24.43,933,4.57
G/F,19,Rodney McGruder,All,1.93,91,24.43,933,4.57
F,15,Johnathan Motley,LAC,2.08,104,24.04,0,4.34
F,15,Johnathan Motley,All,2.08,104,24.04,0,4.34
F,54,Patrick Patterson,LAC,2.06,104,24.51,390,4.33
F,54,Patrick Patterson,All,2.06,104,24.51,390,4.33
G,1,Jerome Robinson,LAC,1.96,86,22.39,624,4.5
G,1,Jerome Robinson,All,1.96,86,22.39,624,4.5
G,20,Landry Shamet,LAC,1.96,85,22.13,2028,4.63
G,20,Landry Shamet,All,1.96,85,22.13,2028,4.63
G,23,Louis Williams,LAC,1.85,79,23.08,2106,#N/A
G,23,Louis Williams,All,1.85,79,23.08,2106,#N/A
C,40,Ivica Zubac,LAC,2.16,109,23.36,1560,4.24
C,40,Ivica Zubac,All,2.16,109,23.36,1560,4.24
F,37,Kostas Antetokounmpo,LAL,2.08,91,21.03,0,4.22
F,37,Kostas Antetokounmpo,All,2.08,91,21.03,0,4.22
G,11,Avery Bradley,LAL,1.88,82,23.2,1580,4.32
G,11,Avery Bradley,All,1.88,82,23.2,1580,4.32
F/C,12,Devontae Cacok,LAL,2.01,109,26.98,0,#N/A
F/C,12,Devontae Cacok,All,2.01,109,26.98,0,#N/A
G,1,Kentavious Caldwell-Pope,LAL,1.96,93,24.21,1560,4.28
G,1,Kentavious Caldwell-Pope,All,1.96,93,24.21,1560,4.28
G,4,Alex Caruso,LAL,1.96,84,21.87,936,4.23
G,4,Alex Caruso,All,1.96,84,21.87,936,4.23
G,2,Quinn Cook,LAL,1.88,81,22.92,624,4.45
G,2,Quinn Cook,All,1.88,81,22.92,624,4.45
C,15,DeMarcus Cousins,LAL,2.11,122,27.4,0,3.65
C,15,DeMarcus Cousins,All,2.11,122,27.4,0,3.65
G,30,Troy Daniels,LAL,1.93,93,24.97,234,4.36
G,30,Troy Daniels,All,1.93,93,24.97,234,4.36
F/C,3,Anthony Davis,LAL,2.08,115,26.58,2584,3.9
F/C,3,Anthony Davis,All,2.08,115,26.58,2584,3.9
F,10,Jared Dudley,LAL,2.01,108,26.73,380,4.09
F,10,Jared Dudley,All,2.01,108,26.73,380,4.09
G/F,14,Daniel Green,LAL,1.98,98,25,2156,#N/A
G/F,14,Daniel Green,All,1.98,98,25,2156,#N/A
G,5,Talen Horton-Tucker,LAL,1.93,107,28.73,0,#N/A
G,5,Talen Horton-Tucker,All,1.93,107,28.73,0,#N/A
C,39,Dwight Howard,LAL,2.11,120,26.95,1224,3.9
C,39,Dwight Howard,All,2.11,120,26.95,1224,3.9
G,20,Demetrius Jackson,LAL,1.85,93,27.17,0,4.69
G,20,Demetrius Jackson,All,1.85,93,27.17,0,4.69
F,23,LeBron James,LAL,2.03,113,27.42,2584,3.78
F,23,LeBron James,All,2.03,113,27.42,2584,3.78
F,0,Kyle Kuzma,LAL,2.06,100,23.56,2496,4.42
F,0,Kyle Kuzma,All,2.06,100,23.56,2496,4.42
C,7,JaVale McGee,LAL,2.13,122,26.89,1716,4.12
C,7,JaVale McGee,All,2.13,122,26.89,1716,4.12
G,21,Zach Norvell,LAL,1.96,93,24.21,0,#N/A
G,21,Zach Norvell,All,1.96,93,24.21,0,#N/A
G,9,Rajon Rondo,LAL,1.85,84,24.54,1606,4.01
G,9,Rajon Rondo,All,1.85,84,24.54,1606,4.01
C,22,Deandre Ayton,PHX,2.16,113,24.22,2418,3.96
C,22,Deandre Ayton,All,2.16,113,24.22,2418,3.96
F/C,46,Aron Baynes,PHX,2.08,118,27.27,1216,4.02
F/C,46,Aron Baynes,All,2.08,118,27.27,1216,4.02
G,1,Devin Booker,PHX,1.98,95,24.23,2590,4.11
G,1,Devin Booker,All,1.98,95,24.23,2590,4.11
F,25,Mikal Bridges,PHX,2.01,95,23.51,2184,4.32
F,25,Mikal Bridges,All,2.01,95,23.51,2184,4.32
G,4,Jevon Carter,PHX,1.88,89,25.18,234,4.43
G,4,Jevon Carter,All,1.88,89,25.18,234,4.43
F,14,Cheick Diallo,PHX,2.06,100,23.56,234,4.44
F,14,Cheick Diallo,All,2.06,100,23.56,234,4.44
G,12,Jared Harper,PHX,1.8,75,23.15,0,#N/A
G,12,Jared Harper,All,1.8,75,23.15,0,#N/A
G,10,Ty Jerome,PHX,1.96,88,22.91,780,#N/A
G,10,Ty Jerome,All,1.96,88,22.91,780,#N/A
F,23,Cameron Johnson,PHX,2.06,95,22.39,1170,#N/A
F,23,Cameron Johnson,All,2.06,95,22.39,1170,#N/A
G,16,Tyler Johnson,PHX,1.93,86,23.09,1368,4.36
G,16,Tyler Johnson,All,1.93,86,23.09,1368,4.36
F/C,8,Frank Kaminsky,PHX,2.13,110,24.25,1170,4.22
F/C,8,Frank Kaminsky,All,2.13,110,24.25,1170,4.22
G,0,Jalen Lecque,PHX,1.93,86,23.09,0,#N/A
G,0,Jalen Lecque,All,1.93,86,23.09,0,#N/A
C,35,Norense Odiase,PHX,2.03,113,27.42,0,#N/A
C,35,Norense Odiase,All,2.03,113,27.42,0,#N/A
G,2,Elie Okobo,PHX,1.88,86,24.33,234,4.57
G,2,Elie Okobo,All,1.88,86,24.33,234,4.57
F,3,Kelly Oubre,PHX,2.01,93,23.02,2131,#N/A
F,3,Kelly Oubre,All,2.01,93,23.02,2131,#N/A
F,41,Tariq Owens,PHX,2.08,93,21.5,0,#N/A
F,41,Tariq Owens,All,2.08,93,21.5,0,#N/A
G,11,Ricky Rubio,PHX,1.93,86,23.09,2079,4.31
G,11,Ricky Rubio,All,1.93,86,23.09,2079,4.31
F,20,Dario Saric,PHX,2.08,101,23.35,1872,4.31
F,20,Dario Saric,All,2.08,101,23.35,1872,4.31
F,0,Trevor Ariza,SAC,2.03,98,23.78,1245,3.99
F,0,Trevor Ariza,All,2.03,98,23.78,1245,3.99
F,35,Marvin Bagley,SAC,2.11,106,23.81,2156,#N/A
F,35,Marvin Bagley,All,2.11,106,23.81,2156,#N/A
F,40,Harrison Barnes,SAC,2.03,102,24.75,2496,4.32
F,40,Harrison Barnes,All,2.03,102,24.75,2496,4.32
F,88,Nemanja Bjelica,SAC,2.08,106,24.5,760,4.24
F,88,Nemanja Bjelica,All,2.08,106,24.5,760,4.24
G,8,Bogdan Bogdanovic,SAC,1.98,93,23.72,2184,4.31
G,8,Bogdan Bogdanovic,All,1.98,93,23.72,2184,4.31
C,13,Dewayne Dedmon,SAC,2.13,111,24.47,1875,4.19
C,13,Dewayne Dedmon,All,2.13,111,24.47,1875,4.19
G,3,Yogi Ferrell,SAC,1.83,82,24.49,390,4.43
G,3,Yogi Ferrell,All,1.83,82,24.49,390,4.43
G,5,De'Aaron Fox,SAC,1.91,79,21.66,2418,4.41
G,5,De'Aaron Fox,All,1.91,79,21.66,2418,4.41
F,32,Wenyen Gabriel,SAC,2.06,93,21.92,0,#N/A
F,32,Wenyen Gabriel,All,2.06,93,21.92,0,#N/A
F/C,20,Harry Giles,SAC,2.08,109,25.19,1098,#N/A
F/C,20,Harry Giles,All,2.08,109,25.19,1098,#N/A
G,7,Kyle Guy,SAC,1.85,76,22.21,0,#N/A
G,7,Kyle Guy,All,1.85,76,22.21,0,#N/A
G,24,Buddy Hield,SAC,1.93,97,26.04,2496,4.71
G,24,Buddy Hield,All,1.93,97,26.04,2496,4.71
F,22,Richaun Holmes,SAC,2.08,107,24.73,924,4.03
F,22,Richaun Holmes,All,2.08,107,24.73,924,4.03
G/F,10,Justin James,SAC,2.01,86,21.29,0,#N/A
G/F,10,Justin James,All,2.01,86,21.29,0,#N/A
G,9,Cory Joseph,SAC,1.91,88,24.12,1404,4.49
G,9,Cory Joseph,All,1.91,88,24.12,1404,4.49
F,41,Tyler Lydon,SAC,2.08,102,23.58,0,4.45
F,41,Tyler Lydon,All,2.08,102,23.58,0,4.45
F/C,50,Caleb Swanigan,SAC,2.06,113,26.63,234,4.24
F/C,50,Caleb Swanigan,All,2.06,113,26.63,234,4.24
G,15,Tyler Ulis,SAC,1.78,68,21.46,0,0
G,15,Tyler Ulis,All,1.78,68,21.46,0,0