"","TeamSeason","Season.x","Team.x","PACE","AST","TO","ORR","DRR","REBR","EFF FG%","TS%","OFF EFF","DEF EFF","Off_Deff_Diff","countWinsPlayoffs","countLossesPlayoffs","descriptionNBAFinalsAppearance","isConferenceChampion","isNBAChampion","PlayoffGames","PlayoffWinPercentage","Round","TeamNickname","tooltip"
"6","Atlanta Hawks 2007-08","2007-08","Atlanta Hawks",107.8,15.3,24.5,29.7,71.7,50.8,48.3,53.5,89.8,92.5,-2.7,3,4,NA,FALSE,NA,7,0.428571428571429,"First Round","Hawks","Team = Atlanta Hawks 2007-08
 SODD = -2.7"
"7","Atlanta Hawks 2008-09","2008-09","Atlanta Hawks",92,14.9,22.1,26,71.6,48.9,50.5,54.6,106.6,104.6,2,4,7,NA,FALSE,NA,11,0.363636363636364,"Conf. Semis","Hawks","Team = Atlanta Hawks 2008-09
 SODD = 2"
"8","Atlanta Hawks 2009-10","2009-10","Atlanta Hawks",92.5,15.7,20.4,28.2,72.7,50.2,50.6,54.5,108.9,104,4.90000000000001,4,7,NA,FALSE,NA,11,0.363636363636364,"Conf. Semis","Hawks","Team = Atlanta Hawks 2009-10
 SODD = 4.9"
"9","Atlanta Hawks 2010-11","2010-11","Atlanta Hawks",91.6,16.1,23.7,23.4,74.6,49.2,50.1,54.2,103.2,104.6,-1.39999999999999,6,6,NA,FALSE,NA,12,0.5,"Conf. Semis","Hawks","Team = Atlanta Hawks 2010-11
 SODD = -1.4"
"10","Atlanta Hawks 2011-12","2011-12","Atlanta Hawks",92.5,16,23.6,23.9,74.4,49.3,50,53.5,102.4,98.6,3.80000000000001,2,4,NA,FALSE,NA,6,0.333333333333333,"First Round","Hawks","Team = Atlanta Hawks 2011-12
 SODD = 3.8"
"11","Atlanta Hawks 2012-13","2012-13","Atlanta Hawks",94.7,19,14.2,22.2,73.6,48.3,51.7,54.6,102.7,101.8,0.900000000000006,2,4,NA,FALSE,NA,6,0.333333333333333,"First Round","Hawks","Team = Atlanta Hawks 2012-13
 SODD = 0.9"
"12","Atlanta Hawks 2013-14","2013-14","Atlanta Hawks",96.9,19,14.3,21,74.4,47.9,51.5,55.4,103.4,104.1,-0.699999999999989,3,4,NA,FALSE,NA,7,0.428571428571429,"First Round","Hawks","Team = Atlanta Hawks 2013-14
 SODD = -0.7"
"13","Atlanta Hawks 2014-15","2014-15","Atlanta Hawks",96.2,19.7,13.5,21.4,73.4,48.2,52.7,56.3,106.2,100.7,5.5,8,8,NA,FALSE,NA,16,0.5,"Conf. Finals","Hawks","Team = Atlanta Hawks 2014-15
 SODD = 5.5"
"14","Atlanta Hawks 2015-16","2015-16","Atlanta Hawks",99.4,19.1,13.8,19.1,74.6,47.5,51.6,55.2,103,98.8,4.2,4,6,NA,FALSE,NA,10,0.4,"Conf. Semis","Hawks","Team = Atlanta Hawks 2015-16
 SODD = 4.2"
"15","Atlanta Hawks 2016-17","2016-17","Atlanta Hawks",99.8,17.5,14.2,23.6,76.1,50.3,50.4,54.1,102.3,103.1,-0.799999999999997,2,4,NA,FALSE,NA,6,0.333333333333333,"First Round","Hawks","Team = Atlanta Hawks 2016-17
 SODD = -0.8"
"18","Boston Celtics 2002-03","2002-03","Boston Celtics",108.3,14,23.7,23.6,72.5,47.4,47,51.4,86,84.2,1.8,4,6,NA,FALSE,NA,10,0.4,"Conf. Semis","Celtics","Team = Boston Celtics 2002-03
 SODD = 1.8"
"19","Boston Celtics 2003-04","2003-04","Boston Celtics",112.5,14.4,26.6,25.2,69.5,47.8,48.6,53.2,85.4,85.1,0.300000000000011,0,4,NA,FALSE,NA,4,0,NA,"Celtics","Team = Boston Celtics 2003-04
 SODD = 0.3"
"20","Boston Celtics 2004-05","2004-05","Boston Celtics",111.4,15.2,25.6,27.2,70.1,49.1,50.1,55.1,90.1,89.1,1,3,4,NA,FALSE,NA,7,0.428571428571429,"First Round","Celtics","Team = Boston Celtics 2004-05
 SODD = 1"
"23","Boston Celtics 2007-08","2007-08","Boston Celtics",108.8,15.8,25.6,26.6,74.4,51.9,52.2,56.9,92.6,82.2,10.4,16,10,"NBA Champion",TRUE,TRUE,26,0.615384615384615,NA,"Celtics","Team = Boston Celtics 2007-08
 SODD = 10.4"
"24","Boston Celtics 2008-09","2008-09","Boston Celtics",92.7,16,26.1,27.9,75.6,52.8,52.8,57.1,108.1,99.4,8.69999999999999,7,7,NA,FALSE,NA,14,0.5,"Conf. Semis","Celtics","Team = Boston Celtics 2008-09
 SODD = 8.7"
"25","Boston Celtics 2009-10","2009-10","Boston Celtics",93.8,16.7,25.3,22.8,73.8,49.1,52.2,56.4,105.4,101.1,4.30000000000001,15,9,NA,FALSE,NA,24,0.625,"NBA Finals","Celtics","Team = Boston Celtics 2009-10
 SODD = 4.3"
"26","Boston Celtics 2010-11","2010-11","Boston Celtics",92.5,16.9,25.3,21.1,74.7,49.5,51.9,56.1,104,97.8,6.2,5,4,NA,FALSE,NA,9,0.555555555555556,"Conf. Semis","Celtics","Team = Boston Celtics 2010-11
 SODD = 6.2"
"27","Boston Celtics 2011-12","2011-12","Boston Celtics",92.6,17,25.7,19.7,72.4,47.3,49.6,53.5,98.9,95.5,3.40000000000001,11,9,NA,FALSE,NA,20,0.55,"Conf. Finals","Celtics","Team = Boston Celtics 2011-12
 SODD = 3.4"
"28","Boston Celtics 2012-13","2012-13","Boston Celtics",94,18,14.1,20.1,73.3,47.5,50.3,54.2,101.1,100.4,0.699999999999989,2,4,NA,FALSE,NA,6,0.333333333333333,"First Round","Celtics","Team = Boston Celtics 2012-13
 SODD = 0.7"
"30","Boston Celtics 2014-15","2014-15","Boston Celtics",98.4,18.1,12.5,24.7,75,49.5,48.9,52.3,101.7,102.1,-0.399999999999991,0,4,NA,FALSE,NA,4,0,NA,"Celtics","Team = Boston Celtics 2014-15
 SODD = -0.4"
"31","Boston Celtics 2015-16","2015-16","Boston Celtics",101.1,17.6,12.1,25.1,74.6,49.4,48.8,53.1,103.9,100.9,3,2,4,NA,FALSE,NA,6,0.333333333333333,"First Round","Celtics","Team = Boston Celtics 2015-16
 SODD = 3"
"32","Boston Celtics 2016-17","2016-17","Boston Celtics",99.3,18.9,12.2,21.2,75.3,48.5,52.5,56.7,108.6,105.5,3.09999999999999,9,9,NA,FALSE,NA,18,0.5,"Conf. Finals","Celtics","Team = Boston Celtics 2016-17
 SODD = 3.1"
"33","Boston Celtics 2017-18","2017-18","Boston Celtics",98.2,17.2,13,21.5,78.4,50.3,51.8,55.2,105.2,101.5,3.7,11,8,NA,FALSE,NA,19,0.578947368421053,"Conf. Finals","Celtics","Team = Boston Celtics 2017-18
 SODD = 3.7"
"34","Boston Celtics 2018-19","2018-19","Boston Celtics",102,19,11.5,21.6,77,49.3,53.4,56.7,110.1,104.9,5.19999999999999,4,0,NA,FALSE,NA,4,1,"Conf. Semis","Celtics","Team = Boston Celtics 2018-19
 SODD = 5.2"
"35","Brooklyn Nets 2002-03","2002-03","Brooklyn Nets",109.8,15.9,24.3,28.7,73.1,50.9,46.8,51.8,87,81.2,5.8,14,6,NA,FALSE,NA,20,0.7,"NBA Finals","Nets","Team = Brooklyn Nets 2002-03
 SODD = 5.8"
"36","Brooklyn Nets 2003-04","2003-04","Brooklyn Nets",107.3,17.3,25.2,25.9,73.9,49.9,47.1,51.5,84.6,81.1,3.5,7,4,NA,FALSE,NA,11,0.636363636363636,"Conf. Semis","Nets","Team = Brooklyn Nets 2003-04
 SODD = 3.5"
"37","Brooklyn Nets 2004-05","2004-05","Brooklyn Nets",106.5,15.5,24.1,25.5,73.2,49,46.3,51.2,85.3,85.9,-0.600000000000009,0,4,NA,FALSE,NA,4,0,NA,"Nets","Team = Brooklyn Nets 2004-05
 SODD = -0.6"
"38","Brooklyn Nets 2005-06","2005-06","Brooklyn Nets",106,16.5,23.5,24,76.3,49.8,47.8,52.8,88.5,86.4,2.09999999999999,5,6,NA,FALSE,NA,11,0.454545454545455,"Conf. Semis","Nets","Team = Brooklyn Nets 2005-06
 SODD = 2.1"
"39","Brooklyn Nets 2006-07","2006-07","Brooklyn Nets",108.1,16.8,24.9,24.6,74.4,49.7,50.4,54.6,89.6,89.8,-0.200000000000003,6,6,NA,FALSE,NA,12,0.5,"Conf. Semis","Nets","Team = Brooklyn Nets 2006-07
 SODD = -0.2"
"45","Brooklyn Nets 2012-13","2012-13","Brooklyn Nets",91.2,16.2,14,30.9,73.7,52.2,49.8,53.6,105,103.6,1.40000000000001,3,4,NA,FALSE,NA,7,0.428571428571429,"First Round","Nets","Team = Brooklyn Nets 2012-13
 SODD = 1.4"
"46","Brooklyn Nets 2013-14","2013-14","Brooklyn Nets",93.7,16.8,14.1,21.8,72.3,47.1,51.4,55.6,104.4,104.9,-0.5,5,7,NA,FALSE,NA,12,0.416666666666667,"Conf. Semis","Nets","Team = Brooklyn Nets 2013-14
 SODD = -0.5"
"47","Brooklyn Nets 2014-15","2014-15","Brooklyn Nets",95,16.4,13,23.9,73.7,48.9,49.1,52.9,101.9,105,-3.09999999999999,2,4,NA,FALSE,NA,6,0.333333333333333,"First Round","Nets","Team = Brooklyn Nets 2014-15
 SODD = -3.1"
"51","Brooklyn Nets 2018-19","2018-19","Brooklyn Nets",103.4,17,13,23.8,76.4,50.2,52,55.6,106.9,107,-0.0999999999999943,1,4,NA,FALSE,NA,5,0.2,"First Round","Nets","Team = Brooklyn Nets 2018-19
 SODD = -0.1"
"57","Charlotte Hornets 2009-10","2009-10","Charlotte Hornets",92.8,14.4,26.2,26.5,74.2,50.7,49,53.8,101.5,100.2,1.3,0,4,NA,FALSE,NA,4,0,NA,"Hornets","Team = Charlotte Hornets 2009-10
 SODD = 1.3"
"61","Charlotte Hornets 2013-14","2013-14","Charlotte Hornets",94.7,17.1,11.7,21.9,77.6,49.6,48.1,52.2,101.2,101.2,0,0,4,NA,FALSE,NA,4,0,NA,"Hornets","Team = Charlotte Hornets 2013-14
 SODD = 0"
"63","Charlotte Hornets 2015-16","2015-16","Charlotte Hornets",97.8,16.8,11.7,20,79.8,49.6,50.2,54.5,105.1,101.8,3.3,3,4,NA,FALSE,NA,7,0.428571428571429,"First Round","Hornets","Team = Charlotte Hornets 2015-16
 SODD = 3.3"
"69","Chicago Bulls 2004-05","2004-05","Chicago Bulls",111.1,14.6,26.8,28.4,72.6,50.6,47.1,51.7,83.9,83.9,0,2,4,NA,FALSE,NA,6,0.333333333333333,"First Round","Bulls","Team = Chicago Bulls 2004-05
 SODD = 0"
"70","Chicago Bulls 2005-06","2005-06","Chicago Bulls",110.5,15.2,24.4,26.3,74.7,50.6,48.7,52.7,87.7,86.8,0.900000000000006,2,4,NA,FALSE,NA,6,0.333333333333333,"First Round","Bulls","Team = Chicago Bulls 2005-06
 SODD = 0.9"
"71","Chicago Bulls 2006-07","2006-07","Chicago Bulls",112.7,15.2,25.7,28.6,74.3,51.6,49.3,53.4,87.9,82.2,5.7,6,4,NA,FALSE,NA,10,0.6,"Conf. Semis","Bulls","Team = Chicago Bulls 2006-07
 SODD = 5.7"
"73","Chicago Bulls 2008-09","2008-09","Chicago Bulls",95.8,14.6,23.5,28,70.9,49.6,49.3,54.1,105.1,105.8,-0.700000000000003,3,4,NA,FALSE,NA,7,0.428571428571429,"First Round","Bulls","Team = Chicago Bulls 2008-09
 SODD = -0.7"
"74","Chicago Bulls 2009-10","2009-10","Chicago Bulls",95.5,14.5,23.4,26.6,74.8,51,47.7,52,100.8,102.6,-1.8,1,4,NA,FALSE,NA,5,0.2,"First Round","Bulls","Team = Chicago Bulls 2009-10
 SODD = -1.8"
"75","Chicago Bulls 2010-11","2010-11","Chicago Bulls",92.9,15.7,23.7,29.4,76.2,53.5,50.1,54.1,105.5,97.4,8.09999999999999,9,7,NA,FALSE,NA,16,0.5625,"Conf. Finals","Bulls","Team = Chicago Bulls 2010-11
 SODD = 8.1"
"76","Chicago Bulls 2011-12","2011-12","Chicago Bulls",91.8,16.2,23.3,32.6,74.3,53.9,49,52.3,104.5,95.3,9.2,2,4,NA,FALSE,NA,6,0.333333333333333,"First Round","Bulls","Team = Chicago Bulls 2011-12
 SODD = 9.2"
"77","Chicago Bulls 2012-13","2012-13","Chicago Bulls",92,17.9,13.6,29.4,73.6,51.2,47,51.2,100.4,100.3,0.100000000000009,5,7,NA,FALSE,NA,12,0.416666666666667,"Conf. Semis","Bulls","Team = Chicago Bulls 2012-13
 SODD = 0.1"
"78","Chicago Bulls 2013-14","2013-14","Chicago Bulls",92.7,17.7,14.2,27.2,75.4,51.7,47.1,51.8,99.7,97.8,1.90000000000001,1,4,NA,FALSE,NA,5,0.2,"First Round","Bulls","Team = Chicago Bulls 2013-14
 SODD = 1.9"
"79","Chicago Bulls 2014-15","2014-15","Chicago Bulls",95.4,16.8,12.9,27,74.4,51.3,48.9,53.6,104.7,101.5,3.2,6,6,NA,FALSE,NA,12,0.5,"Conf. Semis","Bulls","Team = Chicago Bulls 2014-15
 SODD = 3.2"
"81","Chicago Bulls 2016-17","2016-17","Chicago Bulls",97.7,17,12.3,27,76.8,51.7,48.7,53,104.6,104.5,0.0999999999999943,2,4,NA,FALSE,NA,6,0.333333333333333,"First Round","Bulls","Team = Chicago Bulls 2016-17
 SODD = 0.1"
"87","Cleveland Cavaliers 2005-06","2005-06","Cleveland Cavaliers",105.6,13.8,23.4,28.4,75.7,51.8,49.2,53.8,91.5,89.9,1.59999999999999,7,6,NA,FALSE,NA,13,0.538461538461538,"Conf. Semis","Cavaliers","Team = Cleveland Cavaliers 2005-06
 SODD = 1.6"
"88","Cleveland Cavaliers 2006-07","2006-07","Cleveland Cavaliers",107.9,14.7,23.7,29.7,75.8,52.2,48.4,52.2,89,85,4,12,8,NA,FALSE,NA,20,0.6,"NBA Finals","Cavaliers","Team = Cleveland Cavaliers 2006-07
 SODD = 4"
"89","Cleveland Cavaliers 2007-08","2007-08","Cleveland Cavaliers",106,14.2,23.1,30.4,75.9,52.4,48,52,89.8,90.7,-0.900000000000006,7,6,NA,FALSE,NA,13,0.538461538461538,"Conf. Semis","Cavaliers","Team = Cleveland Cavaliers 2007-08
 SODD = -0.9"
"90","Cleveland Cavaliers 2008-09","2008-09","Cleveland Cavaliers",91.2,15,22.2,27.7,74.6,52,51.9,56,109.7,99.4,10.3,10,4,NA,FALSE,NA,14,0.714285714285714,"Conf. Finals","Cavaliers","Team = Cleveland Cavaliers 2008-09
 SODD = 10.3"
"91","Cleveland Cavaliers 2009-10","2009-10","Cleveland Cavaliers",93.5,16,23.6,25.1,77.2,52.4,53.2,57,108.8,101.5,7.3,6,5,NA,FALSE,NA,11,0.545454545454545,"Conf. Semis","Cavaliers","Team = Cleveland Cavaliers 2009-10
 SODD = 7.3"
"96","Cleveland Cavaliers 2014-15","2014-15","Cleveland Cavaliers",94.8,17.2,13.4,26.8,74.7,51.1,52,55.7,107.7,104.1,3.60000000000001,14,6,NA,FALSE,NA,20,0.7,"NBA Finals","Cavaliers","Team = Cleveland Cavaliers 2014-15
 SODD = 3.6"
"97","Cleveland Cavaliers 2015-16","2015-16","Cleveland Cavaliers",95.5,17.5,12.7,25.1,78.5,52,52.4,55.8,108.1,102.3,5.8,16,5,"NBA Champion",TRUE,TRUE,21,0.761904761904762,NA,"Cavaliers","Team = Cleveland Cavaliers 2015-16
 SODD = 5.8"
"98","Cleveland Cavaliers 2016-17","2016-17","Cleveland Cavaliers",98.4,17.2,12.6,21.9,75.8,49.7,54.7,58,110.9,108,2.90000000000001,13,5,NA,FALSE,NA,18,0.722222222222222,"NBA Finals","Cavaliers","Team = Cleveland Cavaliers 2016-17
 SODD = 2.9"
"99","Cleveland Cavaliers 2017-18","2017-18","Cleveland Cavaliers",100.1,17.7,12.6,20,77.3,49.1,54.7,58.4,110.6,109.5,1.09999999999999,12,10,NA,FALSE,NA,22,0.545454545454545,"NBA Finals","Cavaliers","Team = Cleveland Cavaliers 2017-18
 SODD = 1.1"
"101","Dallas Mavericks 2002-03","2002-03","Dallas Mavericks",108.7,16,19.6,25.4,70.9,48.1,49.8,54.3,96.4,85.1,11.3,10,10,NA,FALSE,NA,20,0.5,"Conf. Finals","Mavericks","Team = Dallas Mavericks 2002-03
 SODD = 11.3"
"102","Dallas Mavericks 2003-04","2003-04","Dallas Mavericks",109.3,16.3,19.9,31.4,71.6,51,49.5,53.6,97.2,90.2,7,1,4,NA,FALSE,NA,5,0.2,"First Round","Mavericks","Team = Dallas Mavericks 2003-04
 SODD = 7"
"103","Dallas Mavericks 2004-05","2004-05","Dallas Mavericks",109.8,14,22.2,28.6,70.2,49.9,49.2,54.5,94.2,86.9,7.3,6,7,NA,FALSE,NA,13,0.461538461538462,"Conf. Semis","Mavericks","Team = Dallas Mavericks 2004-05
 SODD = 7.3"
"104","Dallas Mavericks 2005-06","2005-06","Dallas Mavericks",104,13.3,23.1,31.8,72.2,52.4,49.5,55,94.6,88.4,6.19999999999999,14,9,NA,FALSE,NA,23,0.608695652173913,"NBA Finals","Mavericks","Team = Dallas Mavericks 2005-06
 SODD = 6.2"
"105","Dallas Mavericks 2006-07","2006-07","Dallas Mavericks",106.1,14.5,23.7,28.7,75,52.4,50.9,55.9,94.2,86.9,7.3,2,4,NA,FALSE,NA,6,0.333333333333333,"First Round","Mavericks","Team = Dallas Mavericks 2006-07
 SODD = 7.3"
"106","Dallas Mavericks 2007-08","2007-08","Dallas Mavericks",104.9,15.3,21.8,26.7,75,51.6,50.2,55.4,95.5,91.2,4.3,1,4,NA,FALSE,NA,5,0.2,"First Round","Mavericks","Team = Dallas Mavericks 2007-08
 SODD = 4.3"
"107","Dallas Mavericks 2008-09","2008-09","Dallas Mavericks",93.9,15.5,21.6,26.6,74.6,50.8,50.4,55,108.1,105.3,2.8,5,5,NA,FALSE,NA,10,0.5,"Conf. Semis","Mavericks","Team = Dallas Mavericks 2008-09
 SODD = 2.8"
"108","Dallas Mavericks 2009-10","2009-10","Dallas Mavericks",94.8,16.5,21.8,24.3,73.7,49.3,50.6,55.2,107.1,103.2,3.89999999999999,2,4,NA,FALSE,NA,6,0.333333333333333,"First Round","Mavericks","Team = Dallas Mavericks 2009-10
 SODD = 3.9"
"109","Dallas Mavericks 2010-11","2010-11","Dallas Mavericks",93.4,17,23.9,24.1,74.8,50.4,52.5,56.5,107.6,102.3,5.3,16,5,"NBA Champion",TRUE,TRUE,21,0.761904761904762,NA,"Mavericks","Team = Dallas Mavericks 2010-11
 SODD = 5.3"
"110","Dallas Mavericks 2011-12","2011-12","Dallas Mavericks",93.6,15,23.6,23.4,74.8,49.3,48.9,52.7,101,99.7,1.3,0,4,NA,FALSE,NA,4,0,NA,"Mavericks","Team = Dallas Mavericks 2011-12
 SODD = 1.3"
"112","Dallas Mavericks 2013-14","2013-14","Dallas Mavericks",95.7,18.1,12.7,24.6,72.7,48.8,52.6,56.4,109,105.9,3.09999999999999,3,4,NA,FALSE,NA,7,0.428571428571429,"First Round","Mavericks","Team = Dallas Mavericks 2013-14
 SODD = 3.1"
"113","Dallas Mavericks 2014-15","2014-15","Dallas Mavericks",97.4,17.2,11.9,23.6,72.2,47.8,51.5,55,107.2,103.7,3.5,1,4,NA,FALSE,NA,5,0.2,"First Round","Mavericks","Team = Dallas Mavericks 2014-15
 SODD = 3.5"
"114","Dallas Mavericks 2015-16","2015-16","Dallas Mavericks",96.4,17.2,12,20.6,76.2,48.5,50.2,54.4,104.8,104.3,0.5,1,4,NA,FALSE,NA,5,0.2,"First Round","Mavericks","Team = Dallas Mavericks 2015-16
 SODD = 0.5"
"119","Denver Nuggets 2003-04","2003-04","Denver Nuggets",112.4,14.9,24.9,30.5,69.3,49.6,46.7,51.7,86.8,84.8,2,1,4,NA,FALSE,NA,5,0.2,"First Round","Nuggets","Team = Denver Nuggets 2003-04
 SODD = 2"
"120","Denver Nuggets 2004-05","2004-05","Denver Nuggets",111.7,16.3,24.3,28.4,71.7,50.2,48.3,53.5,89.5,86.2,3.3,1,4,NA,FALSE,NA,5,0.2,"First Round","Nuggets","Team = Denver Nuggets 2004-05
 SODD = 3.3"
"121","Denver Nuggets 2005-06","2005-06","Denver Nuggets",111.9,16,24,26.8,72,49.7,48.8,53.5,89.2,87.6,1.60000000000001,1,4,NA,FALSE,NA,5,0.2,"First Round","Nuggets","Team = Denver Nuggets 2005-06
 SODD = 1.6"
"122","Denver Nuggets 2006-07","2006-07","Denver Nuggets",116.5,15.4,25.5,28.9,71.8,50.7,50.1,54.8,90.1,88.4,1.69999999999999,1,4,NA,FALSE,NA,5,0.2,"First Round","Nuggets","Team = Denver Nuggets 2006-07
 SODD = 1.7"
"123","Denver Nuggets 2007-08","2007-08","Denver Nuggets",117.7,16.1,22.8,25.5,72.1,49.3,51,55.7,94.2,89.1,5.10000000000001,0,4,NA,FALSE,NA,4,0,NA,"Nuggets","Team = Denver Nuggets 2007-08
 SODD = 5.1"
"124","Denver Nuggets 2008-09","2008-09","Denver Nuggets",97,15.2,24.8,27.5,71.7,50.2,51.2,56.3,107.5,103.5,4,10,6,NA,FALSE,NA,16,0.625,"Conf. Finals","Nuggets","Team = Denver Nuggets 2008-09
 SODD = 4"
"125","Denver Nuggets 2009-10","2009-10","Denver Nuggets",97.3,14.6,22.6,26.1,72.4,49.5,50.9,56.1,108.7,104.7,4,2,4,NA,FALSE,NA,6,0.333333333333333,"First Round","Nuggets","Team = Denver Nuggets 2009-10
 SODD = 4"
"126","Denver Nuggets 2010-11","2010-11","Denver Nuggets",97.9,15.4,23.2,23.9,75.4,50.4,52.6,57.4,109.5,104.8,4.7,1,4,NA,FALSE,NA,5,0.2,"First Round","Nuggets","Team = Denver Nuggets 2010-11
 SODD = 4.7"
"127","Denver Nuggets 2011-12","2011-12","Denver Nuggets",96.7,16.2,24.7,27.7,74.3,51.7,51.6,55.6,106.5,103.4,3.09999999999999,3,4,NA,FALSE,NA,7,0.428571428571429,"First Round","Nuggets","Team = Denver Nuggets 2011-12
 SODD = 3.1"
"128","Denver Nuggets 2012-13","2012-13","Denver Nuggets",97.8,17.9,13.6,31.4,71.8,52,51.5,54.9,107.6,102,5.59999999999999,2,4,NA,FALSE,NA,6,0.333333333333333,"First Round","Nuggets","Team = Denver Nuggets 2012-13
 SODD = 5.6"
"134","Denver Nuggets 2018-19","2018-19","Denver Nuggets",100.1,19.5,11.9,26.6,78,52.2,52.7,55.8,109.8,106.8,3,3,3,NA,FALSE,NA,6,0.5,"First Round","Nuggets","Team = Denver Nuggets 2018-19
 SODD = 3"
"135","Detroit Pistons 2002-03","2002-03","Detroit Pistons",102.7,14.7,23.6,25.9,74,49.6,47.3,52.3,88.2,84.2,4,8,9,NA,FALSE,NA,17,0.470588235294118,"Conf. Finals","Pistons","Team = Detroit Pistons 2002-03
 SODD = 4"
"136","Detroit Pistons 2003-04","2003-04","Detroit Pistons",106,14.9,25.6,30.1,71.8,51.3,46.1,51.1,85,78.7,6.3,16,7,"NBA Champion",TRUE,TRUE,23,0.695652173913043,NA,"Pistons","Team = Detroit Pistons 2003-04
 SODD = 6.3"
"137","Detroit Pistons 2004-05","2004-05","Detroit Pistons",103.5,15.6,23.5,31.2,73,52.3,47.2,51.9,89.2,85,4.2,15,10,NA,FALSE,NA,25,0.6,"NBA Finals","Pistons","Team = Detroit Pistons 2004-05
 SODD = 4.2"
"138","Detroit Pistons 2005-06","2005-06","Detroit Pistons",101.8,17.5,20.1,28.9,71.2,49.8,49.7,53.5,95.6,86.7,8.89999999999999,10,8,NA,FALSE,NA,18,0.555555555555556,"Conf. Finals","Pistons","Team = Detroit Pistons 2005-06
 SODD = 8.9"
"139","Detroit Pistons 2006-07","2006-07","Detroit Pistons",103,15.9,21.4,28.3,70.9,49.6,48.8,53.5,93.6,87,6.59999999999999,10,6,NA,FALSE,NA,16,0.625,"Conf. Finals","Pistons","Team = Detroit Pistons 2006-07
 SODD = 6.6"
"140","Detroit Pistons 2007-08","2007-08","Detroit Pistons",102.4,16.4,20.5,29.4,73.7,51.4,49.5,53.9,95.7,87,8.7,10,7,NA,FALSE,NA,17,0.588235294117647,"Conf. Finals","Pistons","Team = Detroit Pistons 2007-08
 SODD = 8.7"
"141","Detroit Pistons 2008-09","2008-09","Detroit Pistons",89.1,15.3,20.9,27.9,74,50.6,48.3,52.4,104.5,105.2,-0.700000000000003,0,4,NA,FALSE,NA,4,0,NA,"Pistons","Team = Detroit Pistons 2008-09
 SODD = -0.7"
"148","Detroit Pistons 2015-16","2015-16","Detroit Pistons",97.4,14.9,12.2,27,79.3,52.1,49.1,52.2,103.3,103.4,-0.100000000000009,0,4,NA,FALSE,NA,4,0,NA,"Pistons","Team = Detroit Pistons 2015-16
 SODD = -0.1"
"151","Detroit Pistons 2018-19","2018-19","Detroit Pistons",99.7,16.7,12.3,24.8,78.7,50.7,50.9,54.4,106.1,106.9,-0.800000000000011,0,4,NA,FALSE,NA,4,0,NA,"Pistons","Team = Detroit Pistons 2018-19
 SODD = -0.8"
"156","Golden State Warriors 2006-07","2006-07","Golden State Warriors",118.9,15.5,24.7,25.6,69.6,47.1,51.2,54.8,90.5,88.4,2.09999999999999,5,6,NA,FALSE,NA,11,0.454545454545455,"Conf. Semis","Warriors","Team = Golden State Warriors 2006-07
 SODD = 2.1"
"162","Golden State Warriors 2012-13","2012-13","Golden State Warriors",96.8,17.3,14,25.4,75.5,51.3,50.6,54.5,104.2,102.6,1.60000000000001,6,6,NA,FALSE,NA,12,0.5,"Conf. Semis","Warriors","Team = Golden State Warriors 2012-13
 SODD = 1.6"
"163","Golden State Warriors 2013-14","2013-14","Golden State Warriors",98.5,17.5,13.8,25.1,76.3,51.1,51.7,55,105.3,99.9,5.39999999999999,3,4,NA,FALSE,NA,7,0.428571428571429,"First Round","Warriors","Team = Golden State Warriors 2013-14
 SODD = 5.4"
"164","Golden State Warriors 2014-15","2014-15","Golden State Warriors",100.7,19.9,13.1,24.1,74.5,50.1,54,57.1,109.7,98.2,11.5,16,5,"NBA Champion",TRUE,TRUE,21,0.761904761904762,NA,"Warriors","Team = Golden State Warriors 2014-15
 SODD = 11.5"
"165","Golden State Warriors 2015-16","2015-16","Golden State Warriors",101.6,20.5,13.5,23.5,76,51.3,56.3,59.3,112.5,100.9,11.6,15,9,NA,FALSE,NA,24,0.625,"NBA Finals","Warriors","Team = Golden State Warriors 2015-16
 SODD = 11.6"
"166","Golden State Warriors 2016-17","2016-17","Golden State Warriors",102.2,21.4,13.2,22.8,74.9,50.5,56.3,59.7,113.2,101.1,12.1,16,1,"NBA Champion",TRUE,TRUE,17,0.941176470588235,NA,"Warriors","Team = Golden State Warriors 2016-17
 SODD = 12.1"
"167","Golden State Warriors 2017-18","2017-18","Golden State Warriors",101.8,21.1,14.1,21,76.3,50.6,56.9,60.3,112.3,104.2,8.09999999999999,16,5,"NBA Champion",TRUE,TRUE,21,0.761904761904762,NA,"Warriors","Team = Golden State Warriors 2017-18
 SODD = 8.1"
"168","Golden State Warriors 2018-19","2018-19","Golden State Warriors",103.2,20.7,12.6,22.5,77.1,51,56.5,59.6,113.9,106.5,7.40000000000001,3,2,NA,FALSE,NA,5,0.6,"First Round","Warriors","Team = Golden State Warriors 2018-19
 SODD = 7.4"
"170","Houston Rockets 2003-04","2003-04","Houston Rockets",105.2,14,28.2,26.5,74.5,51.7,48.4,52.8,83,84,-1,1,4,NA,FALSE,NA,5,0.2,"First Round","Rockets","Team = Houston Rockets 2003-04
 SODD = -1"
"171","Houston Rockets 2004-05","2004-05","Houston Rockets",104.7,15.3,23.7,26.3,74.5,51,48.6,53.5,89.7,86.4,3.3,3,4,NA,FALSE,NA,7,0.428571428571429,"First Round","Rockets","Team = Houston Rockets 2004-05
 SODD = 3.3"
"173","Houston Rockets 2006-07","2006-07","Houston Rockets",107.1,15,24,25.7,77,51.5,49.9,54,90.3,84.8,5.5,3,4,NA,FALSE,NA,7,0.428571428571429,"First Round","Rockets","Team = Houston Rockets 2006-07
 SODD = 5.5"
"174","Houston Rockets 2007-08","2007-08","Houston Rockets",106.4,15.3,23.1,29.1,74.8,52.3,49.2,52.8,90.5,86.5,4,2,4,NA,FALSE,NA,6,0.333333333333333,"First Round","Rockets","Team = Houston Rockets 2007-08
 SODD = 4"
"175","Houston Rockets 2008-09","2008-09","Houston Rockets",92.7,14.7,23.9,26.4,75.3,51.9,50.1,54.8,105.4,101.4,4,7,6,NA,FALSE,NA,13,0.538461538461538,"Conf. Semis","Rockets","Team = Houston Rockets 2008-09
 SODD = 4"
"179","Houston Rockets 2012-13","2012-13","Houston Rockets",98.6,17.4,14.9,26.4,75.2,51,52.5,56.4,106.7,103.5,3.2,2,4,NA,FALSE,NA,6,0.333333333333333,"First Round","Rockets","Team = Houston Rockets 2012-13
 SODD = 3.2"
"180","Houston Rockets 2013-14","2013-14","Houston Rockets",98.8,16.2,14.6,27.4,74.1,52.1,53.1,57.1,108.6,103.1,5.5,2,4,NA,FALSE,NA,6,0.333333333333333,"First Round","Rockets","Team = Houston Rockets 2013-14
 SODD = 5.5"
"181","Houston Rockets 2014-15","2014-15","Houston Rockets",99.3,16.6,15,26.8,73,49.9,51.2,54.8,104.2,100.5,3.7,9,8,NA,FALSE,NA,17,0.529411764705882,"Conf. Finals","Rockets","Team = Houston Rockets 2014-15
 SODD = 3.7"
"182","Houston Rockets 2015-16","2015-16","Houston Rockets",100.1,16.5,14.2,25.7,72.8,49.1,51.6,55.3,105.5,105.6,-0.0999999999999943,1,4,NA,FALSE,NA,5,0.2,"First Round","Rockets","Team = Houston Rockets 2015-16
 SODD = -0.1"
"183","Houston Rockets 2016-17","2016-17","Houston Rockets",102.5,18.1,13.3,24.6,75.8,50.2,54.5,58.3,111.8,106.4,5.39999999999999,6,5,NA,FALSE,NA,11,0.545454545454545,"Conf. Semis","Rockets","Team = Houston Rockets 2016-17
 SODD = 5.4"
"184","Houston Rockets 2017-18","2017-18","Houston Rockets",99.7,16.5,12.7,21.3,79.9,50.8,55.1,59,112.2,103.8,8.40000000000001,11,6,NA,FALSE,NA,17,0.647058823529412,"Conf. Finals","Rockets","Team = Houston Rockets 2017-18
 SODD = 8.4"
"185","Houston Rockets 2018-19","2018-19","Houston Rockets",100.4,16,12,22.8,74.4,48.1,54.2,58.1,112.5,107.9,4.59999999999999,4,1,NA,FALSE,NA,5,0.8,"Conf. Semis","Rockets","Team = Houston Rockets 2018-19
 SODD = 4.6"
"186","Indiana Pacers 2002-03","2002-03","Indiana Pacers",109.1,16,24.1,29,72.3,51.1,46.9,52.2,88,84.3,3.7,2,4,NA,FALSE,NA,6,0.333333333333333,"First Round","Pacers","Team = Indiana Pacers 2002-03
 SODD = 3.7"
"187","Indiana Pacers 2003-04","2003-04","Indiana Pacers",104.9,15.6,24.7,28.5,73.9,50.9,47.1,52,87.1,80.6,6.5,10,6,NA,FALSE,NA,16,0.625,"Conf. Finals","Pacers","Team = Indiana Pacers 2003-04
 SODD = 6.5"
"188","Indiana Pacers 2004-05","2004-05","Indiana Pacers",103.6,13.6,24.7,26.4,71.3,49.2,47.6,53.4,88.5,88.3,0.200000000000003,6,7,NA,FALSE,NA,13,0.461538461538462,"Conf. Semis","Pacers","Team = Indiana Pacers 2004-05
 SODD = 0.2"
"189","Indiana Pacers 2005-06","2005-06","Indiana Pacers",106.4,14.4,25.8,27.1,72.6,50.5,48.7,53.3,87.2,87,0.200000000000003,2,4,NA,FALSE,NA,6,0.333333333333333,"First Round","Pacers","Team = Indiana Pacers 2005-06
 SODD = 0.2"
"194","Indiana Pacers 2010-11","2010-11","Indiana Pacers",97.2,13.6,24.7,25.9,74.1,50.2,48.6,53.3,101.9,103.4,-1.5,1,4,NA,FALSE,NA,5,0.2,"First Round","Pacers","Team = Indiana Pacers 2010-11
 SODD = -1.5"
"195","Indiana Pacers 2011-12","2011-12","Indiana Pacers",93.4,13.3,23.2,29.2,72.3,50.9,47.4,52.6,103.5,100.4,3.09999999999999,6,5,NA,FALSE,NA,11,0.545454545454545,"Conf. Semis","Pacers","Team = Indiana Pacers 2011-12
 SODD = 3.1"
"196","Indiana Pacers 2012-13","2012-13","Indiana Pacers",92.8,16.1,14.3,30.3,74.6,52.9,47.9,52.1,101.6,96.6,5,11,8,NA,FALSE,NA,19,0.578947368421053,"Conf. Finals","Pacers","Team = Indiana Pacers 2012-13
 SODD = 5"
"197","Indiana Pacers 2013-14","2013-14","Indiana Pacers",94.9,16,14.3,24.9,76.8,52,49,53.5,101.5,96.7,4.8,10,9,NA,FALSE,NA,19,0.526315789473684,"Conf. Finals","Pacers","Team = Indiana Pacers 2013-14
 SODD = 4.8"
"199","Indiana Pacers 2015-16","2015-16","Indiana Pacers",99,16.2,13.5,23.4,76,49.8,49.7,53.6,102.4,100.2,2.2,3,4,NA,FALSE,NA,7,0.428571428571429,"First Round","Pacers","Team = Indiana Pacers 2015-16
 SODD = 2.2"
"200","Indiana Pacers 2016-17","2016-17","Indiana Pacers",98.1,17.2,12.8,21.2,75.5,48.7,51.6,55.8,106.2,106.3,-0.0999999999999943,0,4,NA,FALSE,NA,4,0,NA,"Pacers","Team = Indiana Pacers 2016-17
 SODD = -0.1"
"201","Indiana Pacers 2017-18","2017-18","Indiana Pacers",98.2,17,12.3,22.7,76.2,49.6,52.5,55.7,107.2,105.6,1.60000000000001,3,4,NA,FALSE,NA,7,0.428571428571429,"First Round","Pacers","Team = Indiana Pacers 2017-18
 SODD = 1.6"
"202","Indiana Pacers 2018-19","2018-19","Indiana Pacers",100.4,19.1,12.4,21.9,76.2,49.6,53,56.1,107.3,104.2,3.09999999999999,0,4,NA,FALSE,NA,4,0,NA,"Pacers","Team = Indiana Pacers 2018-19
 SODD = 3.1"
"206","Los Angeles Clippers 2005-06","2005-06","Los Angeles Clippers",107.7,14.9,24.3,25.4,75.9,51.8,48.7,54,89.3,88.7,0.599999999999994,7,5,NA,FALSE,NA,12,0.583333333333333,"Conf. Semis","Clippers","Team = Los Angeles Clippers 2005-06
 SODD = 0.6"
"212","Los Angeles Clippers 2011-12","2011-12","Los Angeles Clippers",91.8,15.1,22.5,29.5,73.2,51.1,50.2,53.3,105.2,102.9,2.3,4,7,NA,FALSE,NA,11,0.363636363636364,"Conf. Semis","Clippers","Team = Los Angeles Clippers 2011-12
 SODD = 2.3"
"213","Los Angeles Clippers 2012-13","2012-13","Los Angeles Clippers",93.6,18.5,13.9,28.8,73.5,51.6,52.6,55.7,107.7,101,6.7,2,4,NA,FALSE,NA,6,0.333333333333333,"First Round","Clippers","Team = Los Angeles Clippers 2012-13
 SODD = 6.7"
"214","Los Angeles Clippers 2013-14","2013-14","Los Angeles Clippers",98.4,18.4,12.7,25,72.5,49.6,52.6,56.7,109.4,102.1,7.30000000000001,6,7,NA,FALSE,NA,13,0.461538461538462,"Conf. Semis","Clippers","Team = Los Angeles Clippers 2013-14
 SODD = 7.3"
"215","Los Angeles Clippers 2014-15","2014-15","Los Angeles Clippers",97,18.8,11.6,22.8,75.7,49.8,53.3,56.5,109.8,103,6.8,7,7,NA,FALSE,NA,14,0.5,"Conf. Semis","Clippers","Team = Los Angeles Clippers 2014-15
 SODD = 6.8"
"216","Los Angeles Clippers 2015-16","2015-16","Los Angeles Clippers",98,17.6,12.1,20.1,73.8,47.4,52.4,55.6,106.5,100.9,5.59999999999999,2,4,NA,FALSE,NA,6,0.333333333333333,"First Round","Clippers","Team = Los Angeles Clippers 2015-16
 SODD = 5.6"
"217","Los Angeles Clippers 2016-17","2016-17","Los Angeles Clippers",98.2,17.3,12.1,21.5,76.9,49.9,53.7,57.4,110.3,105.8,4.5,3,4,NA,FALSE,NA,7,0.428571428571429,"First Round","Clippers","Team = Los Angeles Clippers 2016-17
 SODD = 4.5"
"219","Los Angeles Clippers 2018-19","2018-19","Los Angeles Clippers",104.1,17.3,12.7,22,76,49.9,52.9,57.5,109.7,109,0.700000000000003,2,3,NA,FALSE,NA,5,0.4,"First Round","Clippers","Team = Los Angeles Clippers 2018-19
 SODD = 0.7"
"220","Los Angeles Lakers 2002-03","2002-03","Los Angeles Lakers",109.5,15.8,23.4,30.2,72.7,51.3,48.6,52.8,90.5,88.5,2,6,6,NA,FALSE,NA,12,0.5,"Conf. Semis","Lakers","Team = Los Angeles Lakers 2002-03
 SODD = 2"
"221","Los Angeles Lakers 2003-04","2003-04","Los Angeles Lakers",109.2,16.3,22.7,28.1,73.3,50.4,48.1,52.2,89.7,85.1,4.60000000000001,13,9,NA,FALSE,NA,22,0.590909090909091,"NBA Finals","Lakers","Team = Los Angeles Lakers 2003-04
 SODD = 4.6"
"223","Los Angeles Lakers 2005-06","2005-06","Los Angeles Lakers",107.5,15,23.2,28.8,73.6,51.2,49.5,53.9,91.8,89.3,2.5,3,4,NA,FALSE,NA,7,0.428571428571429,"First Round","Lakers","Team = Los Angeles Lakers 2005-06
 SODD = 2.5"
"224","Los Angeles Lakers 2006-07","2006-07","Los Angeles Lakers",110.8,15.4,25,26.1,72.3,49.4,51.1,55.4,91.1,92.2,-1.10000000000001,1,4,NA,FALSE,NA,5,0.2,"First Round","Lakers","Team = Los Angeles Lakers 2006-07
 SODD = -1.1"
"225","Los Angeles Lakers 2007-08","2007-08","Los Angeles Lakers",112.1,16.5,22.8,26.3,73.4,50.8,52.5,57,96.5,89.8,6.7,14,7,NA,FALSE,NA,21,0.666666666666667,"NBA Finals","Lakers","Team = Los Angeles Lakers 2007-08
 SODD = 6.7"
"226","Los Angeles Lakers 2008-09","2008-09","Los Angeles Lakers",96.9,15.9,21.8,29.4,73,51.5,51.3,55.5,109.8,101.9,7.89999999999999,16,7,"NBA Champion",TRUE,TRUE,23,0.695652173913043,NA,"Lakers","Team = Los Angeles Lakers 2008-09
 SODD = 7.9"
"227","Los Angeles Lakers 2009-10","2009-10","Los Angeles Lakers",95.2,14.8,22.1,27.7,74.4,51.2,49.6,53.8,105.9,101.1,4.80000000000001,16,7,"NBA Champion",TRUE,TRUE,23,0.695652173913043,NA,"Lakers","Team = Los Angeles Lakers 2009-10
 SODD = 4.8"
"228","Los Angeles Lakers 2010-11","2010-11","Los Angeles Lakers",93.4,15.6,22,29.2,72.3,51.5,50.2,54.5,107.9,101.3,6.60000000000001,4,6,NA,FALSE,NA,10,0.4,"Conf. Semis","Lakers","Team = Los Angeles Lakers 2010-11
 SODD = 6.6"
"229","Los Angeles Lakers 2011-12","2011-12","Los Angeles Lakers",92.9,15.6,24.9,29.1,74.8,53,49.1,53.4,103.3,101.7,1.59999999999999,5,7,NA,FALSE,NA,12,0.416666666666667,"Conf. Semis","Lakers","Team = Los Angeles Lakers 2011-12
 SODD = 1.6"
"230","Los Angeles Lakers 2012-13","2012-13","Los Angeles Lakers",96.8,17,13.9,27,74.3,51.2,51.2,54.8,105.6,103.6,2,0,4,NA,FALSE,NA,4,0,NA,"Lakers","Team = Los Angeles Lakers 2012-13
 SODD = 2"
"238","Memphis Grizzlies 2003-04","2003-04","Memphis Grizzlies",109.8,16,24.4,29.5,68.4,48.7,47.9,52.2,88.1,84.1,4,0,4,NA,FALSE,NA,4,0,NA,"Grizzlies","Team = Memphis Grizzlies 2003-04
 SODD = 4"
"239","Memphis Grizzlies 2004-05","2004-05","Memphis Grizzlies",106.3,15.2,25.1,27.1,69.9,48.6,48.9,53.5,88.4,85,3.40000000000001,0,4,NA,FALSE,NA,4,0,NA,"Grizzlies","Team = Memphis Grizzlies 2004-05
 SODD = 3.4"
"240","Memphis Grizzlies 2005-06","2005-06","Memphis Grizzlies",102.7,14.6,24.4,25.8,72,49.1,49.6,53.7,89.2,85.1,4.10000000000001,0,4,NA,FALSE,NA,4,0,NA,"Grizzlies","Team = Memphis Grizzlies 2005-06
 SODD = 4.1"
"245","Memphis Grizzlies 2010-11","2010-11","Memphis Grizzlies",94.5,14.5,23,28.9,72.5,50.5,49.3,53.4,104.4,102.5,1.90000000000001,7,6,NA,FALSE,NA,13,0.538461538461538,"Conf. Semis","Grizzlies","Team = Memphis Grizzlies 2010-11
 SODD = 1.9"
"246","Memphis Grizzlies 2011-12","2011-12","Memphis Grizzlies",93.4,13.9,23.9,29.8,72.7,50.8,47.3,51.5,101,98.9,2.09999999999999,3,4,NA,FALSE,NA,7,0.428571428571429,"First Round","Grizzlies","Team = Memphis Grizzlies 2011-12
 SODD = 2.1"
"247","Memphis Grizzlies 2012-13","2012-13","Memphis Grizzlies",91.1,16.6,13.3,31,74.3,52.2,47.2,51.4,101.7,97.4,4.3,8,7,NA,FALSE,NA,15,0.533333333333333,"Conf. Finals","Grizzlies","Team = Memphis Grizzlies 2012-13
 SODD = 4.3"
"248","Memphis Grizzlies 2013-14","2013-14","Memphis Grizzlies",92.2,17.3,13.1,28.3,75.7,52,49.5,52.9,103.3,102.1,1.2,3,4,NA,FALSE,NA,7,0.428571428571429,"First Round","Grizzlies","Team = Memphis Grizzlies 2013-14
 SODD = 1.2"
"249","Memphis Grizzlies 2014-15","2014-15","Memphis Grizzlies",94.2,17,12.6,24.7,75.3,50.1,48.9,53.1,103.1,99.9,3.19999999999999,6,5,NA,FALSE,NA,11,0.545454545454545,"Conf. Semis","Grizzlies","Team = Memphis Grizzlies 2014-15
 SODD = 3.2"
"250","Memphis Grizzlies 2015-16","2015-16","Memphis Grizzlies",95.7,16.1,12.3,25.3,75.1,49.1,47.7,52.4,102.6,105.4,-2.80000000000001,0,4,NA,FALSE,NA,4,0,NA,"Grizzlies","Team = Memphis Grizzlies 2015-16
 SODD = -2.8"
"251","Memphis Grizzlies 2016-17","2016-17","Memphis Grizzlies",94.7,16.6,12.1,24.8,77.5,50.4,49.1,53.5,104.7,104.5,0.200000000000003,2,4,NA,FALSE,NA,6,0.333333333333333,"First Round","Grizzlies","Team = Memphis Grizzlies 2016-17
 SODD = 0.2"
"255","Miami Heat 2003-04","2003-04","Miami Heat",104.8,14.1,23.9,27.4,73.4,50.2,46.3,51,86.1,85.1,1,6,7,NA,FALSE,NA,13,0.461538461538462,"Conf. Semis","Heat","Team = Miami Heat 2003-04
 SODD = 1"
"256","Miami Heat 2004-05","2004-05","Miami Heat",106.4,15.6,23.2,27,74.1,51.5,52.4,55.9,94.4,87.6,6.80000000000001,11,4,NA,FALSE,NA,15,0.733333333333333,"Conf. Finals","Heat","Team = Miami Heat 2004-05
 SODD = 6.8"
"257","Miami Heat 2005-06","2005-06","Miami Heat",107.5,14.8,24.3,26.7,76.4,52.6,51.7,55.6,92.2,89.4,2.8,16,7,"NBA Champion",TRUE,TRUE,23,0.695652173913043,NA,"Heat","Team = Miami Heat 2005-06
 SODD = 2.8"
"258","Miami Heat 2006-07","2006-07","Miami Heat",106.5,14.9,25.1,24.9,73.3,49.7,50.6,54.1,88.6,88.4,0.199999999999989,0,4,NA,FALSE,NA,4,0,NA,"Heat","Team = Miami Heat 2006-07
 SODD = 0.2"
"260","Miami Heat 2008-09","2008-09","Miami Heat",92.3,14.9,21.6,24.6,72.9,48.6,50,54,105.1,104.7,0.399999999999991,3,4,NA,FALSE,NA,7,0.428571428571429,"First Round","Heat","Team = Miami Heat 2008-09
 SODD = 0.4"
"261","Miami Heat 2009-10","2009-10","Miami Heat",91.9,14,22.7,26.1,74.9,50.7,49.6,53.7,104.5,100.9,3.59999999999999,1,4,NA,FALSE,NA,5,0.2,"First Round","Heat","Team = Miami Heat 2009-10
 SODD = 3.6"
"262","Miami Heat 2010-11","2010-11","Miami Heat",93.2,14.6,23.8,25.2,75.5,51.8,52.4,57.3,109.3,100.7,8.59999999999999,14,7,NA,FALSE,NA,21,0.666666666666667,"NBA Finals","Heat","Team = Miami Heat 2010-11
 SODD = 8.6"
"263","Miami Heat 2011-12","2011-12","Miami Heat",93.7,14.3,25.3,26.6,73.9,51.1,50.5,54.9,104.3,97.1,7.2,16,7,"NBA Champion",TRUE,TRUE,23,0.695652173913043,NA,"Heat","Team = Miami Heat 2011-12
 SODD = 7.2"
"264","Miami Heat 2012-13","2012-13","Miami Heat",93,18.5,13.7,22.2,73,49,55.2,58.8,110.3,100.5,9.8,16,7,"NBA Champion",TRUE,TRUE,23,0.695652173913043,NA,"Heat","Team = Miami Heat 2012-13
 SODD = 9.8"
"265","Miami Heat 2013-14","2013-14","Miami Heat",93.3,18.2,14.6,20.6,73,47.8,55.4,59,109,102.9,6.09999999999999,13,7,NA,FALSE,NA,20,0.65,"NBA Finals","Heat","Team = Miami Heat 2013-14
 SODD = 6.1"
"267","Miami Heat 2015-16","2015-16","Miami Heat",95.7,16.4,13.3,23.8,77.8,51.7,50.8,54.5,104.2,101.6,2.60000000000001,7,7,NA,FALSE,NA,14,0.5,"Conf. Semis","Heat","Team = Miami Heat 2015-16
 SODD = 2.6"
"269","Miami Heat 2017-18","2017-18","Miami Heat",97.8,17.3,13.3,21.5,79,50.2,52,55.1,104.5,104,0.5,1,4,NA,FALSE,NA,5,0.2,"First Round","Heat","Team = Miami Heat 2017-18
 SODD = 0.5"
"271","Milwaukee Bucks 2002-03","2002-03","Milwaukee Bucks",106.3,16,21.8,25.6,69.9,47.7,50,54.3,93.5,91.3,2.2,2,4,NA,FALSE,NA,6,0.333333333333333,"First Round","Bucks","Team = Milwaukee Bucks 2002-03
 SODD = 2.2"
"272","Milwaukee Bucks 2003-04","2003-04","Milwaukee Bucks",107.9,16,22.6,27.6,71.8,49.7,47.7,52.8,90.6,89.2,1.39999999999999,1,4,NA,FALSE,NA,5,0.2,"First Round","Bucks","Team = Milwaukee Bucks 2003-04
 SODD = 1.4"
"274","Milwaukee Bucks 2005-06","2005-06","Milwaukee Bucks",107.9,15.2,24.2,27.3,74.6,50.5,49.2,53.5,89.5,91.1,-1.59999999999999,1,4,NA,FALSE,NA,5,0.2,"First Round","Bucks","Team = Milwaukee Bucks 2005-06
 SODD = -1.6"
"278","Milwaukee Bucks 2009-10","2009-10","Milwaukee Bucks",94,14.9,21.9,26.2,76.4,50.1,48.2,51.8,102,100.9,1.09999999999999,3,4,NA,FALSE,NA,7,0.428571428571429,"First Round","Bucks","Team = Milwaukee Bucks 2009-10
 SODD = 1.1"
"281","Milwaukee Bucks 2012-13","2012-13","Milwaukee Bucks",97.3,17.1,12.7,27.9,71.3,48.8,47.6,51,100.9,102.3,-1.39999999999999,0,4,NA,FALSE,NA,4,0,NA,"Bucks","Team = Milwaukee Bucks 2012-13
 SODD = -1.4"
"283","Milwaukee Bucks 2014-15","2014-15","Milwaukee Bucks",96.5,17.9,15.5,25.4,73.3,49.5,49.9,53.6,100.5,99.3,1.2,2,4,NA,FALSE,NA,6,0.333333333333333,"First Round","Bucks","Team = Milwaukee Bucks 2014-15
 SODD = 1.2"
"285","Milwaukee Bucks 2016-17","2016-17","Milwaukee Bucks",96.7,18.6,13.2,21.5,75.4,48.7,52.8,56.5,106.9,106.4,0.5,2,4,NA,FALSE,NA,6,0.333333333333333,"First Round","Bucks","Team = Milwaukee Bucks 2016-17
 SODD = 0.5"
"286","Milwaukee Bucks 2017-18","2017-18","Milwaukee Bucks",98.5,17.8,12.9,20.4,75.9,48.3,53.1,57.1,107.8,107.1,0.700000000000003,3,4,NA,FALSE,NA,7,0.428571428571429,"First Round","Bucks","Team = Milwaukee Bucks 2017-18
 SODD = 0.7"
"287","Milwaukee Bucks 2018-19","2018-19","Milwaukee Bucks",105.4,18.4,12,20.8,80.3,52.3,55,58.3,111.5,103,8.5,4,0,NA,FALSE,NA,4,1,"Conf. Semis","Bucks","Team = Milwaukee Bucks 2018-19
 SODD = 8.5"
"288","Minnesota Timberwolves 2002-03","2002-03","Minnesota Timberwolves",108.1,17.4,22.8,28.2,72.9,51.1,48.8,52.8,90.4,88,2.40000000000001,2,4,NA,FALSE,NA,6,0.333333333333333,"First Round","Timberwolves","Team = Minnesota Timberwolves 2002-03
 SODD = 2.4"
"289","Minnesota Timberwolves 2003-04","2003-04","Minnesota Timberwolves",104.6,16.7,22.1,26.7,72.5,50.9,48.6,52.8,90.7,84.2,6.5,10,8,NA,FALSE,NA,18,0.555555555555556,"Conf. Finals","Timberwolves","Team = Minnesota Timberwolves 2003-04
 SODD = 6.5"
"303","Minnesota Timberwolves 2017-18","2017-18","Minnesota Timberwolves",98.3,17.2,11.4,24.4,76.4,50.1,52.3,56.6,110.8,108.4,2.39999999999999,1,4,NA,FALSE,NA,5,0.2,"First Round","Timberwolves","Team = Minnesota Timberwolves 2017-18
 SODD = 2.4"
"305","New Orleans Pelicans 2002-03","2002-03","New Orleans Pelicans",106.8,15.4,24.3,31.7,73.1,52.2,46.5,51.1,86.9,85.1,1.80000000000001,2,4,NA,FALSE,NA,6,0.333333333333333,"First Round","Pelicans","Team = New Orleans Pelicans 2002-03
 SODD = 1.8"
"306","New Orleans Pelicans 2003-04","2003-04","New Orleans Pelicans",107,14.8,24.8,30.6,71.3,50.4,46,50.5,85.3,85.1,0.200000000000003,3,4,NA,FALSE,NA,7,0.428571428571429,"First Round","Pelicans","Team = New Orleans Pelicans 2003-04
 SODD = 0.2"
"308","New Orleans Pelicans 2007-08","2007-08","New Orleans Pelicans",104.9,15.8,20.5,27,75.4,50.6,51.2,54.8,96.6,89.5,7.09999999999999,7,5,NA,FALSE,NA,12,0.583333333333333,"Conf. Semis","Pelicans","Team = New Orleans Pelicans 2007-08
 SODD = 7.1"
"309","New Orleans Pelicans 2008-09","2008-09","New Orleans Pelicans",90,14.8,22.3,24.6,74.9,49.8,50.1,54.8,106.2,104.1,2.10000000000001,1,4,NA,FALSE,NA,5,0.2,"First Round","Pelicans","Team = New Orleans Pelicans 2008-09
 SODD = 2.1"
"311","New Orleans Pelicans 2010-11","2010-11","New Orleans Pelicans",90.9,15.3,22.8,25.1,76.2,50.5,49.3,53.7,103.8,102.5,1.3,2,4,NA,FALSE,NA,6,0.333333333333333,"First Round","Pelicans","Team = New Orleans Pelicans 2010-11
 SODD = 1.3"
"315","New Orleans Pelicans 2014-15","2014-15","New Orleans Pelicans",93.7,17.2,12.5,27.1,75.1,51.1,50.1,53.7,105.4,104.7,0.700000000000003,0,4,NA,FALSE,NA,4,0,NA,"Pelicans","Team = New Orleans Pelicans 2014-15
 SODD = 0.7"
"318","New Orleans Pelicans 2017-18","2017-18","New Orleans Pelicans",102.7,19.2,13.3,20,76.7,49.4,54.1,57.3,107.7,105.6,2.10000000000001,5,4,NA,FALSE,NA,9,0.555555555555556,"Conf. Semis","Pelicans","Team = New Orleans Pelicans 2017-18
 SODD = 2.1"
"321","New York Knicks 2003-04","2003-04","New York Knicks",106.7,14.7,26.2,28,72.8,50.7,47.4,51.8,84.7,87.4,-2.7,0,4,NA,FALSE,NA,4,0,NA,"Knicks","Team = New York Knicks 2003-04
 SODD = -2.7"
"328","New York Knicks 2010-11","2010-11","New York Knicks",98.1,14.9,22.4,24.2,71.9,47.9,51.3,56.1,108.3,106.9,1.39999999999999,0,4,NA,FALSE,NA,4,0,NA,"Knicks","Team = New York Knicks 2010-11
 SODD = 1.4"
"329","New York Knicks 2011-12","2011-12","New York Knicks",95.7,14,25.9,26.7,73.7,49.9,49.2,53.3,101.4,98.4,3,1,4,NA,FALSE,NA,5,0.2,"First Round","Knicks","Team = New York Knicks 2011-12
 SODD = 3"
"330","New York Knicks 2012-13","2012-13","New York Knicks",92,15.8,11.7,25.6,74.7,49.3,51.5,55,108.6,103.5,5.09999999999999,6,6,NA,FALSE,NA,12,0.5,"Conf. Semis","Knicks","Team = New York Knicks 2012-13
 SODD = 5.1"
"339","Oklahoma City Thunder 2004-05","2004-05","Oklahoma City Thunder",104.3,13.3,23,32.4,71.3,51.9,49.5,54.6,94.1,92.6,1.5,6,5,NA,FALSE,NA,11,0.545454545454545,"Conf. Semis","Thunder","Team = Oklahoma City Thunder 2004-05
 SODD = 1.5"
"344","Oklahoma City Thunder 2009-10","2009-10","Oklahoma City Thunder",95.6,14,24.4,28.6,73.6,51.7,49.4,54.7,105.8,101.6,4.2,2,4,NA,FALSE,NA,6,0.333333333333333,"First Round","Thunder","Team = Oklahoma City Thunder 2009-10
 SODD = 4.2"
"345","Oklahoma City Thunder 2010-11","2010-11","Oklahoma City Thunder",95.3,14.4,23.2,27.4,73.6,51.3,50.1,56.1,108.6,104,4.59999999999999,9,8,NA,FALSE,NA,17,0.529411764705882,"Conf. Finals","Thunder","Team = Oklahoma City Thunder 2010-11
 SODD = 4.6"
"346","Oklahoma City Thunder 2011-12","2011-12","Oklahoma City Thunder",95.7,13.1,26.5,27.8,72.1,51.4,51.6,56.7,107.1,100,7.09999999999999,13,7,NA,FALSE,NA,20,0.65,"NBA Finals","Thunder","Team = Oklahoma City Thunder 2011-12
 SODD = 7.1"
"347","Oklahoma City Thunder 2012-13","2012-13","Oklahoma City Thunder",95.9,16.7,14.4,26.7,73.4,51.8,52.7,58,110.2,99.2,11,5,6,NA,FALSE,NA,11,0.454545454545455,"Conf. Semis","Thunder","Team = Oklahoma City Thunder 2012-13
 SODD = 11"
"348","Oklahoma City Thunder 2013-14","2013-14","Oklahoma City Thunder",97.9,16.7,14,26.5,75.6,52.2,52,56.6,108.1,101,7.09999999999999,10,9,NA,FALSE,NA,19,0.526315789473684,"Conf. Finals","Thunder","Team = Oklahoma City Thunder 2013-14
 SODD = 7.1"
"350","Oklahoma City Thunder 2015-16","2015-16","Oklahoma City Thunder",99.4,16.8,14,31.1,76,54.7,52.4,56.5,109.9,103,6.90000000000001,11,7,NA,FALSE,NA,18,0.611111111111111,"Conf. Finals","Thunder","Team = Oklahoma City Thunder 2015-16
 SODD = 6.9"
"351","Oklahoma City Thunder 2016-17","2016-17","Oklahoma City Thunder",100.5,15.6,13.2,28,79,53.4,50,54,105,105.1,-0.0999999999999943,1,4,NA,FALSE,NA,5,0.2,"First Round","Thunder","Team = Oklahoma City Thunder 2016-17
 SODD = -0.1"
"352","Oklahoma City Thunder 2017-18","2017-18","Oklahoma City Thunder",99.2,15.9,12.4,27.7,77.4,51.7,51.4,54.6,107.7,104.7,3,2,4,NA,FALSE,NA,6,0.333333333333333,"First Round","Thunder","Team = Oklahoma City Thunder 2017-18
 SODD = 3"
"353","Oklahoma City Thunder 2018-19","2018-19","Oklahoma City Thunder",105.3,16.4,11.7,26,78.2,51.3,51.4,54.5,107.6,104.7,2.89999999999999,1,4,NA,FALSE,NA,5,0.2,"First Round","Thunder","Team = Oklahoma City Thunder 2018-19
 SODD = 2.9"
"354","Orlando Magic 2002-03","2002-03","Orlando Magic",111.1,14.3,23.5,27,71.1,48.4,47.8,52.6,89,87.1,1.90000000000001,3,4,NA,FALSE,NA,7,0.428571428571429,"First Round","Magic","Team = Orlando Magic 2002-03
 SODD = 1.9"
"358","Orlando Magic 2006-07","2006-07","Orlando Magic",108.1,13.3,28,29.3,73.7,52,50,54.4,86.3,87.4,-1.10000000000001,0,4,NA,FALSE,NA,4,0,NA,"Magic","Team = Orlando Magic 2006-07
 SODD = -1.1"
"359","Orlando Magic 2007-08","2007-08","Orlando Magic",109.3,14.8,23.9,23.4,74.8,50.2,53.7,57.5,94.9,90.4,4.5,5,5,NA,FALSE,NA,10,0.5,"Conf. Semis","Magic","Team = Orlando Magic 2007-08
 SODD = 4.5"
"360","Orlando Magic 2008-09","2008-09","Orlando Magic",94.6,14.1,23.6,24,75.9,50.7,52,55.9,107.2,98.9,8.3,13,11,NA,FALSE,NA,24,0.541666666666667,"NBA Finals","Magic","Team = Orlando Magic 2008-09
 SODD = 8.3"
"361","Orlando Magic 2009-10","2009-10","Orlando Magic",94.2,14.3,23.9,24.6,77.4,51.9,53.6,57.3,109.5,100.2,9.3,10,4,NA,FALSE,NA,14,0.714285714285714,"Conf. Finals","Magic","Team = Orlando Magic 2009-10
 SODD = 9.3"
"362","Orlando Magic 2010-11","2010-11","Orlando Magic",93.5,14.3,25,26.1,76.9,52.1,52.1,55.5,105.7,99.1,6.60000000000001,2,4,NA,FALSE,NA,6,0.333333333333333,"First Round","Magic","Team = Orlando Magic 2010-11
 SODD = 6.6"
"363","Orlando Magic 2011-12","2011-12","Orlando Magic",91.2,14.5,25.3,26.5,75.5,50.7,50.6,53.3,102.4,101.7,0.700000000000003,1,4,NA,FALSE,NA,5,0.2,"First Round","Magic","Team = Orlando Magic 2011-12
 SODD = 0.7"
"370","Orlando Magic 2018-19","2018-19","Orlando Magic",100.3,18.7,11.9,22,79.7,50.4,51.8,55,106.5,105.8,0.700000000000003,1,4,NA,FALSE,NA,5,0.2,"First Round","Magic","Team = Orlando Magic 2018-19
 SODD = 0.7"
"371","Philadelphia 76ers 2002-03","2002-03","Philadelphia 76ers",109.8,15,24.1,30.3,72.7,51.1,46.6,52,88.1,84.6,3.5,6,6,NA,FALSE,NA,12,0.5,"Conf. Semis","76ers","Team = Philadelphia 76ers 2002-03
 SODD = 3.5"
"373","Philadelphia 76ers 2004-05","2004-05","Philadelphia 76ers",113.7,14.3,24.9,25.4,72.7,48.8,47.5,52.8,87,86.5,0.5,1,4,NA,FALSE,NA,5,0.2,"First Round","76ers","Team = Philadelphia 76ers 2004-05
 SODD = 0.5"
"376","Philadelphia 76ers 2007-08","2007-08","Philadelphia 76ers",108,14.4,23.6,31.8,72,51.7,48.2,52.2,89.4,88.5,0.900000000000006,2,4,NA,FALSE,NA,6,0.333333333333333,"First Round","76ers","Team = Philadelphia 76ers 2007-08
 SODD = 0.9"
"377","Philadelphia 76ers 2008-09","2008-09","Philadelphia 76ers",92.6,14.4,23.6,31.3,71.4,51.2,48.5,53.2,104.7,104.7,0,2,4,NA,FALSE,NA,6,0.333333333333333,"First Round","76ers","Team = Philadelphia 76ers 2008-09
 SODD = 0"
"379","Philadelphia 76ers 2010-11","2010-11","Philadelphia 76ers",93.9,16.1,21.9,24.6,74.5,49.6,49.4,53.5,104,102.5,1.5,1,4,NA,FALSE,NA,5,0.2,"First Round","76ers","Team = Philadelphia 76ers 2010-11
 SODD = 1.5"
"380","Philadelphia 76ers 2011-12","2011-12","Philadelphia 76ers",91.9,16.2,19.6,24.4,75.2,49.7,48,51.1,101.7,96.6,5.10000000000001,7,6,NA,FALSE,NA,13,0.538461538461538,"Conf. Semis","76ers","Team = Philadelphia 76ers 2011-12
 SODD = 5.1"
"386","Philadelphia 76ers 2017-18","2017-18","Philadelphia 76ers",102.2,19.3,14.6,25.3,78.6,52.9,53.5,56.8,107.4,102,5.40000000000001,5,5,NA,FALSE,NA,10,0.5,"Conf. Semis","76ers","Team = Philadelphia 76ers 2017-18
 SODD = 5.4"
"387","Philadelphia 76ers 2018-19","2018-19","Philadelphia 76ers",104,18.9,12.9,24.5,78.6,52.3,53.2,57.4,110.4,107.1,3.30000000000001,4,1,NA,FALSE,NA,5,0.8,"Conf. Semis","76ers","Team = Philadelphia 76ers 2018-19
 SODD = 3.3"
"388","Phoenix Suns 2002-03","2002-03","Phoenix Suns",109.6,14.6,24.1,29.7,70.3,49.8,47.3,51.4,87.1,85.1,2,2,4,NA,FALSE,NA,6,0.333333333333333,"First Round","Suns","Team = Phoenix Suns 2002-03
 SODD = 2"
"390","Phoenix Suns 2004-05","2004-05","Phoenix Suns",112.3,15.9,22.1,27.5,68.3,48.9,53.4,57.1,98.2,91.1,7.10000000000001,9,6,NA,FALSE,NA,15,0.6,"Conf. Finals","Suns","Team = Phoenix Suns 2004-05
 SODD = 7.1"
"391","Phoenix Suns 2005-06","2005-06","Phoenix Suns",112,17.9,21.8,22.1,72.1,47.7,53.7,56.8,96.4,89.6,6.80000000000001,10,10,NA,FALSE,NA,20,0.5,"Conf. Finals","Suns","Team = Phoenix Suns 2005-06
 SODD = 6.8"
"392","Phoenix Suns 2006-07","2006-07","Phoenix Suns",112.7,17.5,23.7,22.7,71.9,48.6,55.2,59,97.2,89.8,7.40000000000001,6,5,NA,FALSE,NA,11,0.545454545454545,"Conf. Semis","Suns","Team = Phoenix Suns 2006-07
 SODD = 7.4"
"393","Phoenix Suns 2007-08","2007-08","Phoenix Suns",112.9,17.9,23.6,22.4,70.9,48.6,55.1,59,97.1,92.5,4.59999999999999,1,4,NA,FALSE,NA,5,0.2,"First Round","Suns","Team = Phoenix Suns 2007-08
 SODD = 4.6"
"395","Phoenix Suns 2009-10","2009-10","Phoenix Suns",97.9,15.9,23.9,27.6,70.8,50.4,54.6,58.5,112.7,106.9,5.8,10,6,NA,FALSE,NA,16,0.625,"Conf. Finals","Suns","Team = Phoenix Suns 2009-10
 SODD = 5.8"
"405","Portland Trail Blazers 2002-03","2002-03","Portland Trail Blazers",107.3,15.9,25.4,30.2,72.3,51.3,48.9,53.1,88.2,85.3,2.90000000000001,3,4,NA,FALSE,NA,7,0.428571428571429,"First Round","Blazers","Team = Portland Trail Blazers 2002-03
 SODD = 2.9"
"411","Portland Trail Blazers 2008-09","2008-09","Portland Trail Blazers",89.2,15,22.3,32.6,75,53.5,51.1,55.3,110.7,104.5,6.2,2,4,NA,FALSE,NA,6,0.333333333333333,"First Round","Blazers","Team = Portland Trail Blazers 2008-09
 SODD = 6.2"
"412","Portland Trail Blazers 2009-10","2009-10","Portland Trail Blazers",90.2,15.2,21.6,28.2,74.8,51.3,49.9,54.7,108,104,4,2,4,NA,FALSE,NA,6,0.333333333333333,"First Round","Blazers","Team = Portland Trail Blazers 2009-10
 SODD = 4"
"413","Portland Trail Blazers 2010-11","2010-11","Portland Trail Blazers",90.5,15.4,22.4,29.5,72,49.8,48.6,53.3,105.6,104.2,1.39999999999999,2,4,NA,FALSE,NA,6,0.333333333333333,"First Round","Blazers","Team = Portland Trail Blazers 2010-11
 SODD = 1.4"
"416","Portland Trail Blazers 2013-14","2013-14","Portland Trail Blazers",97.5,17.3,12.4,28,74.7,51.6,50.4,54.8,108.3,104.7,3.59999999999999,5,6,NA,FALSE,NA,11,0.454545454545455,"Conf. Semis","Blazers","Team = Portland Trail Blazers 2013-14
 SODD = 3.6"
"417","Portland Trail Blazers 2014-15","2014-15","Portland Trail Blazers",96.5,16.9,12.6,24.2,76.2,50.7,50.8,54.4,105.5,101.4,4.09999999999999,1,4,NA,FALSE,NA,5,0.2,"First Round","Blazers","Team = Portland Trail Blazers 2014-15
 SODD = 4.1"
"418","Portland Trail Blazers 2015-16","2015-16","Portland Trail Blazers",98.3,16.2,13.2,25.9,76.2,51,51.1,54.8,106.1,105.6,0.5,5,6,NA,FALSE,NA,11,0.454545454545455,"Conf. Semis","Blazers","Team = Portland Trail Blazers 2015-16
 SODD = 0.5"
"419","Portland Trail Blazers 2016-17","2016-17","Portland Trail Blazers",99.1,16.1,12.5,23,76.8,49.8,52,55.9,107.8,107.8,0,0,4,NA,FALSE,NA,4,0,NA,"Blazers","Team = Portland Trail Blazers 2016-17
 SODD = 0"
"420","Portland Trail Blazers 2017-18","2017-18","Portland Trail Blazers",98.8,15.1,12.3,23.3,79.1,51.4,51.1,54.9,106.1,104.2,1.89999999999999,0,4,NA,FALSE,NA,4,0,NA,"Blazers","Team = Portland Trail Blazers 2017-18
 SODD = 1.9"
"421","Portland Trail Blazers 2018-19","2018-19","Portland Trail Blazers",101.6,16.7,12.1,26.6,77.9,52.8,52.8,56.9,111.4,108.1,3.30000000000001,4,1,NA,FALSE,NA,5,0.8,"Conf. Semis","Blazers","Team = Portland Trail Blazers 2018-19
 SODD = 3.3"
"422","Sacramento Kings 2002-03","2002-03","Sacramento Kings",112.8,16.7,23.4,25.6,70.6,49.3,49.9,53.5,89.9,83.4,6.5,7,5,NA,FALSE,NA,12,0.583333333333333,"Conf. Semis","Kings","Team = Sacramento Kings 2002-03
 SODD = 6.5"
"423","Sacramento Kings 2003-04","2003-04","Sacramento Kings",109.6,17.9,23,26,69.8,48.4,50.7,55.4,93.7,88.4,5.3,7,5,NA,FALSE,NA,12,0.583333333333333,"Conf. Semis","Kings","Team = Sacramento Kings 2003-04
 SODD = 5.3"
"424","Sacramento Kings 2004-05","2004-05","Sacramento Kings",109.5,16.7,21.4,28.8,69,48.9,49.6,54.1,94.7,91.2,3.5,1,4,NA,FALSE,NA,5,0.2,"First Round","Kings","Team = Sacramento Kings 2004-05
 SODD = 3.5"
"425","Sacramento Kings 2005-06","2005-06","Sacramento Kings",109,15.6,24.3,25.4,72.2,49,49.2,54.4,90,88.6,1.40000000000001,2,4,NA,FALSE,NA,6,0.333333333333333,"First Round","Kings","Team = Sacramento Kings 2005-06
 SODD = 1.4"
"439","San Antonio Spurs 2002-03","2002-03","San Antonio Spurs",107.8,14.2,26.3,28.8,71.3,51.1,49.7,54.1,88.1,83.3,4.8,16,8,"NBA Champion",TRUE,TRUE,24,0.666666666666667,NA,"Spurs","Team = San Antonio Spurs 2002-03
 SODD = 4.8"
"440","San Antonio Spurs 2003-04","2003-04","San Antonio Spurs",106.4,14.7,24.7,29.5,74.6,52.3,47.3,51.1,86,78.5,7.5,6,4,NA,FALSE,NA,10,0.6,"Conf. Semis","Spurs","Team = San Antonio Spurs 2003-04
 SODD = 7.5"
"441","San Antonio Spurs 2004-05","2004-05","San Antonio Spurs",105.8,15.5,23.4,29.1,73.6,51.3,49.2,53.4,91.2,82.3,8.90000000000001,16,7,"NBA Champion",TRUE,TRUE,23,0.695652173913043,NA,"Spurs","Team = San Antonio Spurs 2004-05
 SODD = 8.9"
"442","San Antonio Spurs 2005-06","2005-06","San Antonio Spurs",104.4,15.4,23.9,26,74.2,50.7,51.3,54.6,91.4,84.2,7.2,7,6,NA,FALSE,NA,13,0.538461538461538,"Conf. Semis","Spurs","Team = San Antonio Spurs 2005-06
 SODD = 7.2"
"443","San Antonio Spurs 2006-07","2006-07","San Antonio Spurs",106,16.1,24,24.2,75.7,51,52.1,56.1,92.7,84.4,8.3,16,4,"NBA Champion",TRUE,TRUE,20,0.8,NA,"Spurs","Team = San Antonio Spurs 2006-07
 SODD = 8.3"
"444","San Antonio Spurs 2007-08","2007-08","San Antonio Spurs",103.6,15.6,22.3,23.4,77.1,50.6,50.4,54.3,92,87.1,4.90000000000001,9,8,NA,FALSE,NA,17,0.529411764705882,"Conf. Finals","Spurs","Team = San Antonio Spurs 2007-08
 SODD = 4.9"
"445","San Antonio Spurs 2008-09","2008-09","San Antonio Spurs",90.4,15.9,21,22.1,78,50.4,51.3,54.8,106.2,102,4.2,1,4,NA,FALSE,NA,5,0.2,"First Round","Spurs","Team = San Antonio Spurs 2008-09
 SODD = 4.2"
"446","San Antonio Spurs 2009-10","2009-10","San Antonio Spurs",94,15.8,22.9,26.8,76.3,52,51.5,55.2,107.2,102,5.2,4,6,NA,FALSE,NA,10,0.4,"Conf. Semis","Spurs","Team = San Antonio Spurs 2009-10
 SODD = 5.2"
"447","San Antonio Spurs 2010-11","2010-11","San Antonio Spurs",94.6,15.9,22.7,24.9,74.6,50.4,52.7,56.7,109.4,102.8,6.60000000000001,2,4,NA,FALSE,NA,6,0.333333333333333,"First Round","Spurs","Team = San Antonio Spurs 2010-11
 SODD = 6.6"
"448","San Antonio Spurs 2011-12","2011-12","San Antonio Spurs",95.1,16.2,22.7,25.1,76,51.1,52.8,56.2,108.5,100.6,7.90000000000001,10,4,NA,FALSE,NA,14,0.714285714285714,"Conf. Finals","Spurs","Team = San Antonio Spurs 2011-12
 SODD = 7.9"
"449","San Antonio Spurs 2012-13","2012-13","San Antonio Spurs",96.4,19.2,14,20.5,74.9,49.3,53.1,56.8,105.9,99.2,6.7,15,6,NA,FALSE,NA,21,0.714285714285714,"NBA Finals","Spurs","Team = San Antonio Spurs 2012-13
 SODD = 6.7"
"450","San Antonio Spurs 2013-14","2013-14","San Antonio Spurs",97.1,19.1,13.5,22.7,76.4,50.6,53.7,57.1,108.2,100.1,8.10000000000001,16,7,"NBA Champion",TRUE,TRUE,23,0.695652173913043,NA,"Spurs","Team = San Antonio Spurs 2013-14
 SODD = 8.1"
"451","San Antonio Spurs 2014-15","2014-15","San Antonio Spurs",95.9,18.6,13.1,23.4,77.3,50.9,51.7,55.5,106.2,99.6,6.60000000000001,3,4,NA,FALSE,NA,7,0.428571428571429,"First Round","Spurs","Team = San Antonio Spurs 2014-15
 SODD = 6.6"
"452","San Antonio Spurs 2015-16","2015-16","San Antonio Spurs",95.7,18.9,12.4,23,79.1,52,52.6,56.4,108.4,96.6,11.8,6,4,NA,FALSE,NA,10,0.6,"Conf. Semis","Spurs","Team = San Antonio Spurs 2015-16
 SODD = 11.8"
"453","San Antonio Spurs 2016-17","2016-17","San Antonio Spurs",96.4,18.2,12.6,24,77.6,51.4,52.4,56.4,108.8,100.9,7.89999999999999,8,8,NA,FALSE,NA,16,0.5,"Conf. Finals","Spurs","Team = San Antonio Spurs 2016-17
 SODD = 7.9"
"454","San Antonio Spurs 2017-18","2017-18","San Antonio Spurs",97.2,17.5,12.2,23.7,78.6,51,50.7,54.3,105.5,102.4,3.09999999999999,1,4,NA,FALSE,NA,5,0.2,"First Round","Spurs","Team = San Antonio Spurs 2017-18
 SODD = 3.1"
"455","San Antonio Spurs 2018-19","2018-19","San Antonio Spurs",100.4,18.3,11,21,79.4,50.5,53.4,57.2,111.1,108.3,2.8,3,3,NA,FALSE,NA,6,0.5,"First Round","Spurs","Team = San Antonio Spurs 2018-19
 SODD = 2.8"
"460","Toronto Raptors 2006-07","2006-07","Toronto Raptors",109,15.9,22.9,22.2,74.5,48.1,50.4,55,91.9,89.1,2.80000000000001,2,4,NA,FALSE,NA,6,0.333333333333333,"First Round","Raptors","Team = Toronto Raptors 2006-07
 SODD = 2.8"
"461","Toronto Raptors 2007-08","2007-08","Toronto Raptors",105.2,17.2,20.5,23.4,75,49.1,51.1,55.1,95.7,90.7,5,1,4,NA,FALSE,NA,5,0.2,"First Round","Raptors","Team = Toronto Raptors 2007-08
 SODD = 5"
"467","Toronto Raptors 2013-14","2013-14","Toronto Raptors",94.4,16.5,13.2,27.2,74.9,50.9,49.8,54.5,105.8,102.4,3.39999999999999,3,4,NA,FALSE,NA,7,0.428571428571429,"First Round","Raptors","Team = Toronto Raptors 2013-14
 SODD = 3.4"
"468","Toronto Raptors 2014-15","2014-15","Toronto Raptors",95.4,16.2,12,25.6,73.3,49.5,50.8,55.3,108.1,104.8,3.3,0,4,NA,FALSE,NA,4,0,NA,"Raptors","Team = Toronto Raptors 2014-15
 SODD = 3.3"
"469","Toronto Raptors 2015-16","2015-16","Toronto Raptors",95.3,15,12.3,24.6,77.7,51.6,50.4,55.2,107,102.7,4.3,10,10,NA,FALSE,NA,20,0.5,"Conf. Finals","Raptors","Team = Toronto Raptors 2015-16
 SODD = 4.3"
"470","Toronto Raptors 2016-17","2016-17","Toronto Raptors",97.1,14.6,11.8,25,76.3,50.7,51.7,56.1,109.8,104.9,4.89999999999999,4,6,NA,FALSE,NA,10,0.4,"Conf. Semis","Raptors","Team = Toronto Raptors 2016-17
 SODD = 4.9"
"471","Toronto Raptors 2017-18","2017-18","Toronto Raptors",99.8,18.1,12.1,23,77.7,50.9,53.9,57.5,111,103.4,7.59999999999999,4,6,NA,FALSE,NA,10,0.4,"Conf. Semis","Raptors","Team = Toronto Raptors 2017-18
 SODD = 7.6"
"472","Toronto Raptors 2018-19","2018-19","Toronto Raptors",102.5,18.4,12.4,21.9,77.1,50.2,54.3,57.9,110.9,104.3,6.60000000000001,4,1,NA,FALSE,NA,5,0.8,"Conf. Semis","Raptors","Team = Toronto Raptors 2018-19
 SODD = 6.6"
"473","Utah Jazz 2002-03","2002-03","Utah Jazz",108.2,17.4,27.6,32.5,70.2,52.1,48.6,53.7,86.7,85.1,1.60000000000001,1,4,NA,FALSE,NA,5,0.2,"First Round","Jazz","Team = Utah Jazz 2002-03
 SODD = 1.6"
"477","Utah Jazz 2006-07","2006-07","Utah Jazz",109.3,16.7,25.3,31.7,75.1,53.5,50.2,55.1,91.7,90.3,1.40000000000001,9,8,NA,FALSE,NA,17,0.529411764705882,"Conf. Finals","Jazz","Team = Utah Jazz 2006-07
 SODD = 1.4"
"478","Utah Jazz 2007-08","2007-08","Utah Jazz",110.8,17.8,24,29.5,74.1,52,52.8,57.3,96.1,89.1,7,6,6,NA,FALSE,NA,12,0.5,"Conf. Semis","Jazz","Team = Utah Jazz 2007-08
 SODD = 7"
"479","Utah Jazz 2008-09","2008-09","Utah Jazz",95.6,16.7,24,28.2,72.7,50.5,50.4,55.4,107.1,104.7,2.39999999999999,1,4,NA,FALSE,NA,5,0.2,"First Round","Jazz","Team = Utah Jazz 2008-09
 SODD = 2.4"
"480","Utah Jazz 2009-10","2009-10","Utah Jazz",96,17.9,24.8,26.8,75.6,51.9,52.4,56.5,107.8,102.9,4.89999999999999,4,6,NA,FALSE,NA,10,0.4,"Conf. Semis","Jazz","Team = Utah Jazz 2009-10
 SODD = 4.9"
"482","Utah Jazz 2011-12","2011-12","Utah Jazz",93.9,15,23,30.2,73.8,51.8,48.1,52.5,103.7,103.6,0.100000000000009,0,4,NA,FALSE,NA,4,0,NA,"Jazz","Team = Utah Jazz 2011-12
 SODD = 0.1"
"487","Utah Jazz 2016-17","2016-17","Utah Jazz",93.6,16.3,13.2,23.2,78.9,51.8,52.6,56.3,107.4,102.7,4.7,4,7,NA,FALSE,NA,11,0.363636363636364,"Conf. Semis","Jazz","Team = Utah Jazz 2016-17
 SODD = 4.7"
"488","Utah Jazz 2017-18","2017-18","Utah Jazz",97.8,17.3,13.7,21.5,79.8,51,52.7,56.4,106.2,101.6,4.60000000000001,5,6,NA,FALSE,NA,11,0.454545454545455,"Conf. Semis","Jazz","Team = Utah Jazz 2017-18
 SODD = 4.6"
"489","Utah Jazz 2018-19","2018-19","Utah Jazz",102.5,18.8,13.4,22.9,80.3,52.1,53.8,57.2,108.8,103.2,5.59999999999999,1,4,NA,FALSE,NA,5,0.2,"First Round","Jazz","Team = Utah Jazz 2018-19
 SODD = 5.6"
"492","Washington Wizards 2004-05","2004-05","Washington Wizards",111.2,13.3,22.9,31.1,70,49.9,47.4,52.3,90.6,89.5,1.09999999999999,4,6,NA,FALSE,NA,10,0.4,"Conf. Semis","Wizards","Team = Washington Wizards 2004-05
 SODD = 1.1"
"493","Washington Wizards 2005-06","2005-06","Washington Wizards",109.8,13.2,22.8,29.5,70.9,49.5,48.4,53.8,92.6,89.5,3.09999999999999,2,4,NA,FALSE,NA,6,0.333333333333333,"First Round","Wizards","Team = Washington Wizards 2005-06
 SODD = 3.1"
"494","Washington Wizards 2006-07","2006-07","Washington Wizards",111.4,14.1,22.3,28.1,71,48.9,49.1,54.2,93.5,92.9,0.599999999999994,0,4,NA,FALSE,NA,4,0,NA,"Wizards","Team = Washington Wizards 2006-07
 SODD = 0.6"
"495","Washington Wizards 2007-08","2007-08","Washington Wizards",105.4,14.2,22.2,28.9,72.8,50.2,48.9,53.5,92.9,92.8,0.100000000000009,2,4,NA,FALSE,NA,6,0.333333333333333,"First Round","Wizards","Team = Washington Wizards 2007-08
 SODD = 0.1"
"501","Washington Wizards 2013-14","2013-14","Washington Wizards",95.5,17.7,13.6,25.2,75.7,50,50.6,53.8,103.3,102.4,0.899999999999991,6,5,NA,FALSE,NA,11,0.545454545454545,"Conf. Semis","Wizards","Team = Washington Wizards 2013-14
 SODD = 0.9"
"502","Washington Wizards 2014-15","2014-15","Washington Wizards",96,18.3,14,24.9,77.3,51.7,49.9,53.4,101.8,100,1.8,6,4,NA,FALSE,NA,10,0.6,"Conf. Semis","Wizards","Team = Washington Wizards 2014-15
 SODD = 1.8"
"504","Washington Wizards 2016-17","2016-17","Washington Wizards",99.7,17.7,12.8,24.1,75.5,49.9,52.8,56.4,108.5,106.9,1.59999999999999,7,6,NA,FALSE,NA,13,0.538461538461538,"Conf. Semis","Wizards","Team = Washington Wizards 2016-17
 SODD = 1.6"
"505","Washington Wizards 2017-18","2017-18","Washington Wizards",98.9,18.7,13.3,23.5,77.1,50.3,52.5,56,106.9,106.2,0.700000000000003,2,4,NA,FALSE,NA,6,0.333333333333333,"First Round","Wizards","Team = Washington Wizards 2017-18
 SODD = 0.7"
